-- phpMyAdmin SQL Dump
-- version 5.1.0
-- https://www.phpmyadmin.net/
--
-- Host: 127.0.0.1
-- Generation Time: Apr 10, 2021 at 08:58 PM
-- Server version: 10.4.18-MariaDB
-- PHP Version: 8.0.3

SET SQL_MODE = "NO_AUTO_VALUE_ON_ZERO";
START TRANSACTION;
SET time_zone = "+00:00";


/*!40101 SET @OLD_CHARACTER_SET_CLIENT=@@CHARACTER_SET_CLIENT */;
/*!40101 SET @OLD_CHARACTER_SET_RESULTS=@@CHARACTER_SET_RESULTS */;
/*!40101 SET @OLD_COLLATION_CONNECTION=@@COLLATION_CONNECTION */;
/*!40101 SET NAMES utf8mb4 */;

--
-- Database: `ecommerceapi`
--

-- --------------------------------------------------------

--
-- Table structure for table `failed_jobs`
--

CREATE TABLE `failed_jobs` (
  `id` bigint(20) UNSIGNED NOT NULL,
  `uuid` varchar(255) COLLATE utf8mb4_unicode_ci NOT NULL,
  `connection` text COLLATE utf8mb4_unicode_ci NOT NULL,
  `queue` text COLLATE utf8mb4_unicode_ci NOT NULL,
  `payload` longtext COLLATE utf8mb4_unicode_ci NOT NULL,
  `exception` longtext COLLATE utf8mb4_unicode_ci NOT NULL,
  `failed_at` timestamp NOT NULL DEFAULT current_timestamp()
) ENGINE=InnoDB DEFAULT CHARSET=utf8mb4 COLLATE=utf8mb4_unicode_ci;

-- --------------------------------------------------------

--
-- Table structure for table `migrations`
--

CREATE TABLE `migrations` (
  `id` int(10) UNSIGNED NOT NULL,
  `migration` varchar(255) COLLATE utf8mb4_unicode_ci NOT NULL,
  `batch` int(11) NOT NULL
) ENGINE=InnoDB DEFAULT CHARSET=utf8mb4 COLLATE=utf8mb4_unicode_ci;

--
-- Dumping data for table `migrations`
--

INSERT INTO `migrations` (`id`, `migration`, `batch`) VALUES
(1, '2014_10_12_000000_create_users_table', 1),
(2, '2014_10_12_100000_create_password_resets_table', 1),
(3, '2019_08_19_000000_create_failed_jobs_table', 1),
(4, '2021_04_10_123303_create_products_table', 1);

-- --------------------------------------------------------

--
-- Table structure for table `password_resets`
--

CREATE TABLE `password_resets` (
  `email` varchar(255) COLLATE utf8mb4_unicode_ci NOT NULL,
  `token` varchar(255) COLLATE utf8mb4_unicode_ci NOT NULL,
  `created_at` timestamp NULL DEFAULT NULL
) ENGINE=InnoDB DEFAULT CHARSET=utf8mb4 COLLATE=utf8mb4_unicode_ci;

-- --------------------------------------------------------

--
-- Table structure for table `products`
--

CREATE TABLE `products` (
  `id` bigint(20) UNSIGNED NOT NULL,
  `name` varchar(255) COLLATE utf8mb4_unicode_ci NOT NULL,
  `detail` text COLLATE utf8mb4_unicode_ci NOT NULL,
  `price` int(11) NOT NULL,
  `stock` int(11) NOT NULL,
  `discount` int(11) NOT NULL,
  `created_at` timestamp NULL DEFAULT NULL,
  `updated_at` timestamp NULL DEFAULT NULL
) ENGINE=InnoDB DEFAULT CHARSET=utf8mb4 COLLATE=utf8mb4_unicode_ci;

--
-- Dumping data for table `products`
--

INSERT INTO `products` (`id`, `name`, `detail`, `price`, `stock`, `discount`, `created_at`, `updated_at`) VALUES
(1, 'vel', 'Rerum dolor eligendi quia cum. Sed aut impedit et facilis. Nostrum et vel et dolor amet temporibus at.', 896, 4, 28, '2021-04-10 12:55:18', '2021-04-10 12:55:18'),
(2, 'et', 'Repellat ipsa impedit sapiente ut dolores beatae. Magni nulla voluptas voluptatum eum sunt dolorum totam numquam. Itaque officiis hic libero maxime natus.', 646, 2, 11, '2021-04-10 12:55:18', '2021-04-10 12:55:18'),
(3, 'velit', 'Laboriosam aliquam dolore numquam deleniti vel. Sint velit ipsa et tempora eum et maiores voluptas. Est est nesciunt eos laudantium autem perferendis aut. Dolorum facilis placeat voluptatem.', 634, 0, 11, '2021-04-10 12:55:18', '2021-04-10 12:55:18'),
(4, 'recusandae', 'Vel reiciendis iste et quos beatae perspiciatis. Natus expedita facilis veritatis vitae dignissimos nobis. Earum omnis sint nisi autem officiis debitis ut.', 965, 6, 19, '2021-04-10 12:55:18', '2021-04-10 12:55:18'),
(5, 'voluptatum', 'Odio consectetur beatae quaerat voluptas voluptatem. Qui et eligendi debitis nemo voluptatem id quo. Adipisci et itaque voluptates quod est dicta illum nostrum.', 747, 9, 13, '2021-04-10 12:55:18', '2021-04-10 12:55:18'),
(6, 'aliquam', 'Ut quod sequi fuga quidem doloribus. Perspiciatis dolores sit rerum natus natus architecto magni nemo. Fuga quasi et nam in aut. Vel illum dolor reiciendis earum accusamus soluta.', 420, 0, 18, '2021-04-10 12:55:19', '2021-04-10 12:55:19'),
(7, 'et', 'Rerum dolore voluptatibus voluptate similique dolor vero. Iste molestias nihil enim consequatur et voluptates quas.', 564, 7, 17, '2021-04-10 12:55:19', '2021-04-10 12:55:19'),
(8, 'consequatur', 'Consequatur eius quidem molestiae sequi ab odit alias. Quia odio eaque iusto odit voluptatem. Eius nisi quam provident sit dignissimos accusamus et aut. Rerum repellendus aut sed dolores ea ut animi aspernatur.', 983, 6, 9, '2021-04-10 12:55:19', '2021-04-10 12:55:19'),
(9, 'sunt', 'Ut eveniet veritatis aut non rem vero. Placeat quos quidem doloremque unde illo architecto. Doloribus quo ipsa nihil atque voluptatem.', 467, 9, 19, '2021-04-10 12:55:19', '2021-04-10 12:55:19'),
(10, 'voluptatem', 'Ut et nihil officia. Repellat voluptatibus voluptate error aut nisi magni. Qui autem quod quas. Iusto officiis numquam labore ea fugiat.', 714, 3, 16, '2021-04-10 12:55:19', '2021-04-10 12:55:19'),
(11, 'ducimus', 'Necessitatibus quo aliquid atque minus eos mollitia quis. Molestias sapiente quis ipsam. Quas facere iusto placeat. Voluptatem ut possimus est unde dolorem animi.', 471, 2, 4, '2021-04-10 12:55:19', '2021-04-10 12:55:19'),
(12, 'similique', 'Est aliquid quisquam nihil. Sint explicabo ullam dolores ut quo quaerat. Omnis quia laboriosam non optio deleniti.', 411, 6, 29, '2021-04-10 12:55:19', '2021-04-10 12:55:19'),
(13, 'reprehenderit', 'Iusto distinctio incidunt sed aut vel. Suscipit autem molestiae aut quasi ut ipsam. Minus hic ipsam vitae sed voluptas sed voluptatem aut.', 317, 2, 7, '2021-04-10 12:55:19', '2021-04-10 12:55:19'),
(14, 'et', 'Rerum et totam voluptatibus dolor voluptatem. Voluptates nam expedita velit tempora qui molestiae. Voluptas quia voluptatem et ipsa.', 762, 7, 29, '2021-04-10 12:55:19', '2021-04-10 12:55:19'),
(15, 'quidem', 'Quia voluptatem expedita est consequuntur. Itaque modi sapiente est voluptatibus architecto possimus debitis tenetur. Quia voluptatibus ad velit ut ipsum ut.', 599, 7, 12, '2021-04-10 12:55:19', '2021-04-10 12:55:19'),
(16, 'sit', 'Reiciendis sit labore ut quia ab. Ducimus laudantium molestiae ex accusantium.', 453, 7, 4, '2021-04-10 12:55:19', '2021-04-10 12:55:19'),
(17, 'officiis', 'Explicabo natus laborum fugit. Unde id repellendus nihil. Vel non eius dolor dolor perferendis. Recusandae necessitatibus quia alias consequatur. Qui aut fugiat rerum consequuntur qui.', 116, 6, 15, '2021-04-10 12:55:19', '2021-04-10 12:55:19'),
(18, 'repudiandae', 'Atque saepe quia ut qui autem saepe quam. Exercitationem voluptas pariatur odit libero quaerat ea nesciunt. Officiis a eum omnis omnis quis rem molestiae quo. Enim eum voluptatem aperiam eos et.', 826, 9, 21, '2021-04-10 12:55:19', '2021-04-10 12:55:19'),
(19, 'quam', 'Est quos dolor totam vero et eum. Non veniam commodi quo laboriosam veniam sed corrupti. Placeat est quaerat sapiente nemo quo.', 502, 7, 22, '2021-04-10 12:55:19', '2021-04-10 12:55:19'),
(20, 'minima', 'Sed nobis aut quia inventore eum ratione molestiae. Sit ut laudantium hic quisquam. Qui et reiciendis voluptas ut voluptas eius consequatur commodi. A ut facere vitae odio enim doloribus est.', 156, 6, 3, '2021-04-10 12:55:19', '2021-04-10 12:55:19'),
(21, 'qui', 'Culpa impedit aut aut quos et quis accusantium. Nesciunt sapiente impedit aspernatur iure. Possimus possimus officia quia consequatur incidunt.', 219, 7, 16, '2021-04-10 12:55:19', '2021-04-10 12:55:19'),
(22, 'non', 'Quia magni ut id in molestiae. Ut pariatur sed enim eligendi est error molestias. Repellat at aut praesentium animi neque enim perspiciatis.', 124, 8, 24, '2021-04-10 12:55:20', '2021-04-10 12:55:20'),
(23, 'animi', 'Officia voluptatem ut porro. Consequatur id soluta sunt iste minus. Necessitatibus in sit ad aut.', 765, 6, 8, '2021-04-10 12:55:20', '2021-04-10 12:55:20'),
(24, 'voluptas', 'Voluptatem corporis corporis rerum atque. Voluptatem dignissimos impedit debitis odio vitae qui. Porro sequi ab sapiente et atque. Est culpa et vel ut enim delectus numquam.', 531, 2, 2, '2021-04-10 12:55:20', '2021-04-10 12:55:20'),
(25, 'beatae', 'Reiciendis velit rem voluptatem et et minus. Sunt maxime quis eaque voluptas ut necessitatibus excepturi. Nobis quae voluptatem ratione dolores iure. Et dignissimos alias quas velit saepe culpa. Sit qui sequi voluptas possimus deserunt perspiciatis dolorum.', 671, 5, 21, '2021-04-10 12:55:20', '2021-04-10 12:55:20'),
(26, 'temporibus', 'Iste iusto ex quisquam beatae. Suscipit suscipit ut assumenda accusamus voluptate quis. Vero sequi rerum aut incidunt. Doloribus rerum ipsa magnam.', 547, 5, 2, '2021-04-10 12:55:20', '2021-04-10 12:55:20'),
(27, 'quia', 'Beatae quas iste eos repellat officia sint ipsum. Harum quis incidunt quia dolore in perspiciatis suscipit. Occaecati quo corporis quo sed ea repudiandae. Exercitationem voluptas fugiat optio delectus iusto excepturi ex. Sed laudantium blanditiis nihil tenetur atque et.', 646, 8, 14, '2021-04-10 12:55:20', '2021-04-10 12:55:20'),
(28, 'quos', 'Eveniet et qui est quae. Sunt eius eos aspernatur tenetur omnis velit. Molestias repellat vel fugiat sunt.', 596, 1, 9, '2021-04-10 12:55:20', '2021-04-10 12:55:20'),
(29, 'dignissimos', 'Odit aut sit perferendis temporibus voluptatem id. Accusamus et ut quia est consequuntur. Ut sint praesentium et praesentium non. Iure voluptatibus et labore voluptates.', 902, 3, 20, '2021-04-10 12:55:20', '2021-04-10 12:55:20'),
(30, 'veniam', 'Quas sint atque officiis velit odio explicabo temporibus. Facilis illo sit nihil. Non impedit dolores et culpa eligendi doloribus ratione.', 281, 3, 29, '2021-04-10 12:55:20', '2021-04-10 12:55:20'),
(31, 'unde', 'Itaque voluptas asperiores est dolores accusantium nesciunt in. Dolores veritatis et iure tempore ducimus et. Quis omnis itaque ab non voluptatum laboriosam.', 835, 3, 20, '2021-04-10 12:55:20', '2021-04-10 12:55:20'),
(32, 'officiis', 'Amet assumenda laudantium ut laudantium. Necessitatibus iusto enim provident. A vel illo minima nihil in.', 105, 7, 27, '2021-04-10 12:55:20', '2021-04-10 12:55:20'),
(33, 'in', 'Omnis ullam sed est ipsa accusantium. Quis saepe nemo voluptatem voluptatem laboriosam. Corrupti quia dolore ullam veritatis officia. Voluptas voluptatem ut dolore repellat dolore animi.', 204, 4, 19, '2021-04-10 12:55:20', '2021-04-10 12:55:20'),
(34, 'facere', 'Hic distinctio sequi quibusdam voluptas saepe. Iusto ipsam voluptas ipsum dignissimos. Quia doloribus rem consequatur et.', 220, 8, 10, '2021-04-10 12:55:20', '2021-04-10 12:55:20'),
(35, 'sunt', 'Nihil qui non consectetur natus ea. Id iure architecto tempore consequatur sed quo illum officiis. Minus nihil facere aliquid in ullam. Quo facere fugit sunt temporibus consequatur necessitatibus voluptatem.', 868, 0, 10, '2021-04-10 12:55:20', '2021-04-10 12:55:20'),
(36, 'tenetur', 'Maiores quidem sequi qui illum et debitis at vel. Autem est ut natus eum. Neque consequatur voluptatem eos vero doloribus deserunt quos. Omnis debitis minus corrupti velit eveniet.', 994, 6, 23, '2021-04-10 12:55:20', '2021-04-10 12:55:20'),
(37, 'commodi', 'Minima illum similique dolores ea. Dolorum nobis impedit optio. Iste eum repellat velit eveniet fuga ut.', 364, 7, 21, '2021-04-10 12:55:20', '2021-04-10 12:55:20'),
(38, 'nihil', 'Rerum rerum qui voluptas rem enim possimus. Quae nobis dolor voluptas et. Ducimus consectetur et tempore laborum eveniet quae sint.', 473, 6, 19, '2021-04-10 12:55:20', '2021-04-10 12:55:20'),
(39, 'eum', 'Nisi est quas voluptas. Distinctio recusandae sed nesciunt magnam.', 794, 9, 28, '2021-04-10 12:55:20', '2021-04-10 12:55:20'),
(40, 'debitis', 'Et iste aspernatur enim ut consequatur ratione iure. Quidem sed quia voluptatem. Sed doloremque aliquid libero aliquam rerum.', 273, 2, 8, '2021-04-10 12:55:20', '2021-04-10 12:55:20'),
(41, 'non', 'Et ipsa id voluptatem voluptatem est ad dolores. Neque reiciendis cupiditate quia saepe assumenda itaque. Inventore consequuntur omnis iste mollitia.', 948, 9, 13, '2021-04-10 12:55:20', '2021-04-10 12:55:20'),
(42, 'perferendis', 'Ratione velit soluta quaerat natus dolorem quidem esse. Perspiciatis quasi ipsam beatae ut tenetur sit neque qui. Rerum maxime dolor ut omnis laboriosam sequi impedit.', 138, 8, 22, '2021-04-10 12:55:20', '2021-04-10 12:55:20'),
(43, 'ad', 'Molestias dolores nobis vitae architecto nobis dolorem quo maiores. Omnis dolorem quaerat similique dignissimos qui nemo. Ipsum numquam eligendi sit recusandae asperiores at. Consectetur rem recusandae dolorem in at at.', 985, 6, 25, '2021-04-10 12:55:20', '2021-04-10 12:55:20'),
(44, 'consequatur', 'Libero ipsa ducimus tenetur sequi nemo. Tempore dolorem ex et dolore. Et esse et aliquam qui sed.', 674, 6, 6, '2021-04-10 12:55:20', '2021-04-10 12:55:20'),
(45, 'nostrum', 'Sint provident et ut et soluta. Commodi fugiat est minima debitis rem officia eum. Facilis hic itaque ducimus fuga qui. Voluptatem eaque non corrupti qui.', 777, 1, 11, '2021-04-10 12:55:20', '2021-04-10 12:55:20'),
(46, 'maiores', 'Voluptate quidem perspiciatis et unde tempora qui. Et ut fugiat odit tenetur repellat. Et iure qui vel commodi nisi veniam dolor assumenda. Corporis voluptatem debitis consequuntur consequatur pariatur reprehenderit.', 421, 0, 12, '2021-04-10 12:55:20', '2021-04-10 12:55:20'),
(47, 'quo', 'Doloremque id culpa soluta doloribus adipisci eos et omnis. Id nostrum accusamus velit et voluptatem quis enim voluptatum. Est consequatur voluptatum et laborum vitae recusandae provident. Et itaque sequi explicabo nulla vitae id praesentium sed.', 177, 8, 8, '2021-04-10 12:55:21', '2021-04-10 12:55:21'),
(48, 'minima', 'Minus qui voluptas ullam animi tempore illo. Porro iure sed atque laborum modi sunt. Neque officia ipsum in ducimus. Ut quisquam dolorem ut itaque quasi.', 375, 8, 13, '2021-04-10 12:55:21', '2021-04-10 12:55:21'),
(49, 'omnis', 'Dolores provident laborum similique molestias. Nemo esse sunt unde error odio at. Recusandae quod velit consequatur ex.', 240, 6, 4, '2021-04-10 12:55:21', '2021-04-10 12:55:21'),
(50, 'corrupti', 'Fugit facilis odit dolorem quia sapiente. Sed sint quasi libero delectus esse voluptas sed. Iste impedit doloribus et sint recusandae reprehenderit harum.', 931, 4, 11, '2021-04-10 12:55:21', '2021-04-10 12:55:21'),
(51, 'possimus', 'Qui accusantium atque dolorem est et animi autem aut. Dolor eligendi voluptatem error qui maiores qui dolorem.', 189, 0, 19, '2021-04-10 12:55:42', '2021-04-10 12:55:42'),
(52, 'quisquam', 'Dolor adipisci sint qui pariatur eos quidem. Aut dolore culpa ut qui culpa asperiores. Eaque optio numquam maiores adipisci culpa et exercitationem.', 934, 1, 17, '2021-04-10 12:55:42', '2021-04-10 12:55:42'),
(53, 'qui', 'Aspernatur repellat corrupti et rem nihil pariatur. Quibusdam quis quos possimus enim rerum laboriosam pariatur molestias. Id inventore quos rerum consequuntur.', 187, 0, 10, '2021-04-10 12:55:42', '2021-04-10 12:55:42'),
(54, 'amet', 'Porro qui magnam enim ut qui rem nam. In est eos necessitatibus ratione iusto nemo. Qui nesciunt quis ut enim molestiae dicta ipsam. Quaerat et tenetur laboriosam id amet.', 599, 2, 28, '2021-04-10 12:55:43', '2021-04-10 12:55:43'),
(55, 'labore', 'Et repellendus ducimus debitis ratione incidunt repellendus. Similique eos impedit ipsum nihil.', 143, 0, 8, '2021-04-10 12:55:43', '2021-04-10 12:55:43'),
(56, 'sapiente', 'Odit blanditiis asperiores in ut. Ea sint et reiciendis ratione. Magnam quo ea eum eos recusandae sequi.', 468, 6, 3, '2021-04-10 12:55:43', '2021-04-10 12:55:43'),
(57, 'quis', 'Aut numquam est aut qui ea. Ipsam est quae aliquam vero. Quo ut maxime consequatur autem sit consectetur et officiis.', 844, 6, 19, '2021-04-10 12:55:43', '2021-04-10 12:55:43'),
(58, 'ipsa', 'Quod asperiores veritatis dicta esse non molestiae eos. Repudiandae nobis ipsam nihil labore illo odit illum fuga. Sed quaerat sunt est perspiciatis. Ducimus et facilis qui aut at qui in.', 932, 3, 29, '2021-04-10 12:55:43', '2021-04-10 12:55:43'),
(59, 'consequatur', 'Numquam alias veniam optio laudantium corporis nulla. Eveniet voluptate facilis laboriosam sunt et maxime. Suscipit repellat aspernatur ut dolor. Necessitatibus natus doloremque ut et.', 324, 4, 16, '2021-04-10 12:55:43', '2021-04-10 12:55:43'),
(60, 'eius', 'Illum animi nesciunt odio exercitationem. Laudantium aperiam voluptatem quo iure necessitatibus et. Qui et quasi excepturi debitis autem eum.', 538, 0, 6, '2021-04-10 12:55:43', '2021-04-10 12:55:43'),
(61, 'delectus', 'Doloribus ex sunt qui non quia ipsa voluptas. Commodi iure dolorem reprehenderit error reiciendis. Asperiores harum est possimus accusamus molestias rerum. Non ut fugiat veniam velit omnis quia qui.', 483, 8, 13, '2021-04-10 12:55:43', '2021-04-10 12:55:43'),
(62, 'harum', 'Iste ea facere facilis quod ea. Ut earum et laudantium molestiae. Voluptas distinctio pariatur et at vitae.', 789, 0, 23, '2021-04-10 12:55:43', '2021-04-10 12:55:43'),
(63, 'neque', 'Ducimus qui porro et accusamus deleniti vero nulla ad. Corporis aperiam in ea. Quibusdam fugit quibusdam rerum et.', 680, 2, 30, '2021-04-10 12:55:43', '2021-04-10 12:55:43'),
(64, 'tenetur', 'Qui accusamus ducimus nam deleniti quia odio officia commodi. Eos quis tempora delectus quam consequatur. Explicabo dolorem corporis voluptas reprehenderit.', 516, 3, 24, '2021-04-10 12:55:43', '2021-04-10 12:55:43'),
(65, 'commodi', 'Voluptatem sed cum sed voluptates illo in distinctio dolores. Reprehenderit possimus doloremque rem qui non rerum tempore aperiam. Porro qui fuga ut id possimus et dolore. Ut cum ipsum magni atque repudiandae et.', 293, 4, 3, '2021-04-10 12:55:43', '2021-04-10 12:55:43'),
(66, 'ea', 'Ut amet quas soluta itaque non velit ipsa. Voluptatum cum vel at esse molestias. Consequatur quia debitis ut voluptatem est neque qui. Sequi nulla laboriosam atque non minus vel nihil.', 529, 2, 11, '2021-04-10 12:55:43', '2021-04-10 12:55:43'),
(67, 'optio', 'Omnis pariatur ut eum doloremque. Impedit esse repellat consectetur ut ut quas. Saepe laborum itaque veniam id commodi eos iure.', 746, 7, 5, '2021-04-10 12:55:43', '2021-04-10 12:55:43'),
(68, 'a', 'Reprehenderit eos dolorum sit possimus consequatur sit eos tempore. Asperiores dolor impedit ut quo ut omnis. Omnis tempora neque rerum tempore ea. Soluta labore illo deserunt.', 109, 1, 8, '2021-04-10 12:55:43', '2021-04-10 12:55:43'),
(69, 'iste', 'Ducimus natus dolorum ratione laudantium. Voluptas in et sed ea porro saepe neque. Dolores et enim voluptatem.', 600, 7, 17, '2021-04-10 12:55:43', '2021-04-10 12:55:43'),
(70, 'quidem', 'Facilis eligendi dignissimos minus. Commodi ipsum quam asperiores earum nesciunt vero tenetur. Quisquam illo aliquid alias numquam. Sint consequatur voluptate exercitationem commodi pariatur est cumque.', 922, 3, 16, '2021-04-10 12:55:43', '2021-04-10 12:55:43'),
(71, 'reprehenderit', 'Fuga voluptas autem porro quia consequatur quam ea molestias. Corporis maxime voluptatum nihil magni harum ratione. Magni assumenda eum et eos omnis harum sunt blanditiis.', 231, 0, 14, '2021-04-10 12:55:44', '2021-04-10 12:55:44'),
(72, 'sunt', 'Non non voluptas aut dignissimos dolore mollitia nulla quasi. Ea est quia unde qui saepe. Aliquam rerum odit eos sapiente.', 174, 0, 14, '2021-04-10 12:55:44', '2021-04-10 12:55:44'),
(73, 'commodi', 'Et voluptatum quia vero iusto qui recusandae eos. Reiciendis voluptate nobis a. Laudantium odit dicta aut minus.', 217, 7, 5, '2021-04-10 12:55:44', '2021-04-10 12:55:44'),
(74, 'error', 'Architecto ab quo saepe laboriosam. Enim minus qui quam error et impedit. Aut mollitia corporis qui similique qui explicabo. Dolores voluptatem minus nisi et voluptatem illo excepturi.', 332, 1, 4, '2021-04-10 12:55:44', '2021-04-10 12:55:44'),
(75, 'quasi', 'Provident eum consequatur sed nemo fugit odit animi. Ut architecto necessitatibus beatae distinctio consequuntur dicta. Laborum accusantium ducimus aut vel natus vero aut earum.', 130, 9, 29, '2021-04-10 12:55:44', '2021-04-10 12:55:44'),
(76, 'neque', 'Quia tempore sed quisquam animi rerum in. Sed suscipit consequatur facere tempore placeat nesciunt. Inventore repellat ut dolores sit laborum nostrum rerum.', 325, 8, 10, '2021-04-10 12:55:44', '2021-04-10 12:55:44'),
(77, 'qui', 'Aperiam enim nihil non omnis earum. Et voluptatem eveniet autem qui. Eum quo delectus sint velit. Aliquam et veritatis earum minima ut ut possimus.', 671, 4, 13, '2021-04-10 12:55:44', '2021-04-10 12:55:44'),
(78, 'quia', 'Id eos eaque vero. At velit dolores accusamus tempore et. Hic officia id dolor culpa minima autem. Recusandae et quis est cum voluptas.', 525, 3, 24, '2021-04-10 12:55:44', '2021-04-10 12:55:44'),
(79, 'quis', 'Voluptas enim velit occaecati non ex voluptatem dicta non. Nihil sunt sit aperiam at expedita omnis. Ipsum quisquam aspernatur consequuntur. Magni fugiat qui autem quo nulla quod animi sit.', 808, 6, 23, '2021-04-10 12:55:44', '2021-04-10 12:55:44'),
(80, 'deserunt', 'Et cupiditate quasi veritatis nemo labore blanditiis. Qui repellat sed quaerat voluptates vero qui optio. Et rerum qui asperiores eum repudiandae et eaque.', 279, 0, 13, '2021-04-10 12:55:44', '2021-04-10 12:55:44'),
(81, 'quia', 'Omnis natus ut et nobis itaque distinctio. Temporibus sunt et aspernatur asperiores fugit laborum ut. Dolores dolor omnis voluptate esse est.', 722, 4, 11, '2021-04-10 12:55:44', '2021-04-10 12:55:44'),
(82, 'dolores', 'Molestias et ut dolor molestias id sit dolores. Ratione esse minima incidunt qui ullam at. Explicabo fugiat non magnam sed. Eos quibusdam dolorem sunt nostrum debitis.', 522, 3, 28, '2021-04-10 12:55:44', '2021-04-10 12:55:44'),
(83, 'corporis', 'Itaque nostrum ex deserunt sint similique. Optio voluptatum at alias quia. Placeat et itaque labore facere quia ad in. Nihil porro facere illo quia accusamus eum exercitationem.', 926, 1, 7, '2021-04-10 12:55:44', '2021-04-10 12:55:44'),
(84, 'doloribus', 'Labore dolorum unde nisi reprehenderit facilis qui. Ut inventore id voluptates eum ut rerum itaque ut. Eos ad incidunt ex voluptas vel. Beatae ab velit et voluptas eveniet reiciendis.', 252, 2, 26, '2021-04-10 12:55:44', '2021-04-10 12:55:44'),
(85, 'ratione', 'Fuga sed sit quos voluptas harum. Velit animi tenetur magni totam in sit autem. Sint nam omnis iusto ipsum quidem omnis tempora.', 236, 3, 25, '2021-04-10 12:55:44', '2021-04-10 12:55:44'),
(86, 'et', 'Quo est adipisci provident voluptatum consectetur laboriosam est quibusdam. Fugit voluptatem nulla ratione repudiandae.', 491, 5, 9, '2021-04-10 12:55:44', '2021-04-10 12:55:44'),
(87, 'iste', 'Et quia recusandae reprehenderit aspernatur id. Eius officiis nihil nobis ea dignissimos voluptatum cupiditate. Nisi qui dignissimos aliquam impedit cum.', 181, 6, 9, '2021-04-10 12:55:44', '2021-04-10 12:55:44'),
(88, 'recusandae', 'Quaerat excepturi nobis excepturi omnis voluptatem non. Nihil aut consequatur nihil in cupiditate.', 525, 6, 11, '2021-04-10 12:55:44', '2021-04-10 12:55:44'),
(89, 'et', 'Nihil porro molestiae est nulla. Aspernatur nam autem omnis et. Exercitationem repellat officia iusto veritatis.', 696, 1, 5, '2021-04-10 12:55:44', '2021-04-10 12:55:44'),
(90, 'dolor', 'Consequatur maxime quia quos veniam sit. Aspernatur aut quo aut accusamus minus et.', 940, 0, 6, '2021-04-10 12:55:44', '2021-04-10 12:55:44'),
(91, 'inventore', 'In et dolore enim ea magni alias ut. Quis est nisi aut labore aut. Nulla dolores facilis qui et.', 674, 9, 22, '2021-04-10 12:55:44', '2021-04-10 12:55:44'),
(92, 'deserunt', 'Eaque consequuntur illum aut odio qui vel doloribus. Ipsum consequatur qui omnis aut molestiae autem eum. Quia aut impedit nam eos ipsum voluptatem perferendis ad. Qui fugit corporis itaque quia neque.', 891, 7, 23, '2021-04-10 12:55:44', '2021-04-10 12:55:44'),
(93, 'ut', 'Quia magnam aut incidunt eaque qui iusto ut. Molestias non non recusandae est debitis fugit aliquid eaque. Dolor est consequuntur soluta sed praesentium cum quia.', 553, 3, 30, '2021-04-10 12:55:44', '2021-04-10 12:55:44'),
(94, 'sed', 'Voluptatem consequatur dolorem consequatur. Quam ea adipisci eaque nam dolorum quod. Facilis sint autem saepe error amet.', 769, 0, 13, '2021-04-10 12:55:45', '2021-04-10 12:55:45'),
(95, 'perspiciatis', 'Sunt et distinctio itaque suscipit velit. Consequatur et fugiat qui aspernatur vel et. Fuga ut inventore aut eius modi reiciendis. Dolore in eos voluptas quo odio id.', 802, 9, 28, '2021-04-10 12:55:45', '2021-04-10 12:55:45'),
(96, 'sit', 'Voluptatem aliquam ab molestias laudantium non rerum sint. Dicta iusto et iusto voluptatem dolores totam eaque. Porro qui maxime numquam sint rerum ut voluptatem. Adipisci aut odit esse minima minus earum. Veritatis officia a aliquam rem eaque sit.', 277, 9, 2, '2021-04-10 12:55:45', '2021-04-10 12:55:45'),
(97, 'consequuntur', 'Iste et occaecati explicabo doloremque voluptatum et dolores asperiores. Omnis quod possimus quos aut error. Iure quis quia iure.', 557, 4, 19, '2021-04-10 12:55:45', '2021-04-10 12:55:45'),
(98, 'adipisci', 'Dicta harum qui aliquid molestias illo dolorem. Ullam qui dolor quas quia qui esse. Corporis voluptates iure neque. Tempora optio asperiores explicabo temporibus nobis aperiam at qui.', 921, 3, 2, '2021-04-10 12:55:45', '2021-04-10 12:55:45'),
(99, 'id', 'A explicabo porro et ducimus voluptas in. Natus consectetur dolorem similique velit molestias adipisci. Et dolores possimus sunt temporibus rerum dolores vel aliquid. Aut sed consequatur voluptate corporis sunt.', 788, 2, 12, '2021-04-10 12:55:45', '2021-04-10 12:55:45'),
(100, 'explicabo', 'Consequuntur et quia et sed eius. Accusantium magni perspiciatis iusto consequatur. Quod ullam ullam vitae qui aut et illum.', 939, 5, 14, '2021-04-10 12:55:45', '2021-04-10 12:55:45'),
(101, 'atque', 'Et adipisci et ipsum autem. Et odit magni placeat nemo commodi. Provident blanditiis quo expedita provident. Architecto molestiae itaque et et illum.', 738, 2, 8, '2021-04-10 13:06:14', '2021-04-10 13:06:14'),
(102, 'sit', 'Minus beatae ut maxime aut saepe. Et consequatur dolores libero cum.', 415, 9, 9, '2021-04-10 13:06:14', '2021-04-10 13:06:14'),
(103, 'minima', 'Provident ut sint ducimus repellendus. Ipsam explicabo dolore sit velit dolor. Harum provident sint deserunt delectus aut beatae aut. Quas doloremque rerum unde est aperiam ipsam molestias officia.', 631, 1, 27, '2021-04-10 13:06:14', '2021-04-10 13:06:14'),
(104, 'atque', 'Officia omnis nulla odio voluptatem. Magni eos illum veniam aut ut. Velit ipsa est accusamus quaerat ullam ut.', 150, 1, 23, '2021-04-10 13:06:15', '2021-04-10 13:06:15'),
(105, 'dolores', 'Ullam ea inventore unde. Molestiae quae ut quia voluptatum. Dicta itaque eveniet soluta blanditiis.', 828, 5, 24, '2021-04-10 13:06:15', '2021-04-10 13:06:15'),
(106, 'distinctio', 'Quos nihil quasi blanditiis. Vitae minima qui sed cum accusamus. Provident quis animi itaque eaque vel.', 274, 1, 16, '2021-04-10 13:06:15', '2021-04-10 13:06:15'),
(107, 'iure', 'Aut cum voluptas non. Sequi voluptas ad sed quia. Iusto quia ipsam et voluptatem molestiae ab. Ut unde et odio molestiae. Temporibus numquam dolores non fugiat eligendi.', 464, 1, 6, '2021-04-10 13:06:15', '2021-04-10 13:06:15'),
(108, 'aut', 'Maxime nulla quia non dolor ut esse aut. Eveniet molestias nesciunt corporis quia. Cum et tempora occaecati pariatur quia. Error exercitationem magnam quis vel illum.', 386, 8, 20, '2021-04-10 13:06:15', '2021-04-10 13:06:15'),
(109, 'vero', 'Perferendis ipsam iusto veritatis nihil ut dicta quo placeat. Dolorum voluptatem officiis id dolor. Quam ad fugit a reprehenderit qui. Odit suscipit aut ut adipisci consequuntur.', 393, 1, 13, '2021-04-10 13:06:15', '2021-04-10 13:06:15'),
(110, 'veritatis', 'Facilis quasi et corrupti quis. Voluptatibus rerum et omnis dolor corrupti voluptatem rem tempora. Nulla aut non numquam in. Ullam illum et sed fuga sint.', 198, 2, 23, '2021-04-10 13:06:15', '2021-04-10 13:06:15'),
(111, 'nesciunt', 'Debitis dolorem quisquam commodi eos voluptatibus qui natus et. Sunt velit iste quae ullam ut. Dignissimos quo neque doloribus unde eligendi dolore. Facere praesentium itaque autem.', 754, 8, 4, '2021-04-10 13:06:15', '2021-04-10 13:06:15'),
(112, 'in', 'Nulla voluptas dolor labore voluptate aut aut. Consectetur fugiat quidem consequatur eos atque id commodi. Veritatis sunt dolorum velit laborum sapiente perferendis et aut. Non quisquam autem deserunt est.', 307, 1, 20, '2021-04-10 13:06:15', '2021-04-10 13:06:15'),
(113, 'sint', 'Quae atque corporis omnis incidunt ea. Culpa quia voluptas ut ab sequi ad. Voluptas et quod exercitationem reiciendis eum autem. Voluptatibus porro minus nihil aspernatur totam.', 484, 1, 15, '2021-04-10 13:06:15', '2021-04-10 13:06:15'),
(114, 'ipsum', 'Vitae quidem quibusdam sed. Iste et placeat eius totam. Necessitatibus sapiente quis eos iure nesciunt sed quam. Voluptas debitis quod animi atque.', 873, 8, 23, '2021-04-10 13:06:15', '2021-04-10 13:06:15'),
(115, 'accusantium', 'Provident non aliquam est nemo sit voluptatum. Quis omnis aliquam maiores velit repellat iusto. Et numquam aperiam impedit expedita vel optio placeat.', 602, 6, 12, '2021-04-10 13:06:15', '2021-04-10 13:06:15'),
(116, 'ut', 'A non est omnis aliquam quasi ipsum qui. Eaque sequi et numquam sit id ratione. Nesciunt officiis magnam voluptates. Labore molestias molestiae autem provident ut.', 194, 0, 30, '2021-04-10 13:06:15', '2021-04-10 13:06:15'),
(117, 'labore', 'Vel aliquam quas et placeat illum illum. Mollitia dolores doloribus repellat quasi sed autem quam. Nobis nemo ut molestiae illo rerum. Autem fugit totam neque. Iusto aliquam et est quisquam in.', 612, 1, 22, '2021-04-10 13:06:15', '2021-04-10 13:06:15'),
(118, 'dolores', 'Ducimus qui consequuntur voluptas repellendus ea dolorum corrupti. Reprehenderit perspiciatis libero deserunt voluptatem ea consequatur. Nam vel voluptatem consequatur ab.', 493, 8, 29, '2021-04-10 13:06:15', '2021-04-10 13:06:15'),
(119, 'fugit', 'Natus esse qui suscipit. Aliquid minus quo exercitationem cum magni dolores. Consequatur iusto possimus dolores laudantium. Et ut autem aut ipsam soluta fugiat labore.', 811, 1, 10, '2021-04-10 13:06:15', '2021-04-10 13:06:15'),
(120, 'natus', 'Ut voluptatem officia maiores. Porro aliquid laudantium sed qui. Sequi corporis quisquam optio impedit maiores ipsam.', 307, 0, 17, '2021-04-10 13:06:15', '2021-04-10 13:06:15'),
(121, 'harum', 'Vitae doloremque rerum architecto ut eum. Quis eius sed beatae rem occaecati doloribus velit. Qui et beatae laborum aut qui animi. Est quam praesentium ea quis omnis porro veritatis.', 766, 7, 18, '2021-04-10 13:06:15', '2021-04-10 13:06:15'),
(122, 'debitis', 'Ea odio dignissimos magni architecto quisquam soluta dolorem. Ab quidem odit odio quasi qui eos. Omnis quidem commodi quaerat. Fugiat voluptate repellendus ut sunt veritatis et.', 168, 8, 7, '2021-04-10 13:06:15', '2021-04-10 13:06:15'),
(123, 'iste', 'Est adipisci perspiciatis voluptas. Natus neque tempora harum eaque. Magnam dolores ab aut dolorem itaque.', 986, 2, 5, '2021-04-10 13:06:15', '2021-04-10 13:06:15'),
(124, 'saepe', 'Quo non sed consequatur molestias iure qui qui. Non consequatur nulla et. Sed quia odit dicta aperiam. Perspiciatis qui ducimus alias fuga eum.', 724, 9, 19, '2021-04-10 13:06:15', '2021-04-10 13:06:15'),
(125, 'sit', 'Ut soluta libero voluptatum exercitationem voluptas et aliquam. Sed voluptatum consequatur beatae velit magni. Dolores dolores architecto dolorum qui aut cumque. Enim velit quo numquam non expedita odio officia.', 281, 3, 10, '2021-04-10 13:06:16', '2021-04-10 13:06:16'),
(126, 'et', 'Aut illo numquam qui ratione. Omnis eum praesentium alias. Corporis at fugiat qui nesciunt eos ullam.', 384, 5, 24, '2021-04-10 13:06:16', '2021-04-10 13:06:16'),
(127, 'voluptatem', 'Dicta sint non voluptas ut animi. Ut quae doloremque tempore consequatur. Blanditiis unde eligendi eligendi natus doloribus saepe minima. Saepe optio nihil ipsum voluptas possimus. Nesciunt porro beatae voluptatem minima ullam ut commodi.', 762, 0, 17, '2021-04-10 13:06:16', '2021-04-10 13:06:16'),
(128, 'qui', 'Explicabo id error ipsam suscipit consequatur. Autem similique nihil itaque assumenda. Aut rerum et est nostrum.', 959, 5, 16, '2021-04-10 13:06:16', '2021-04-10 13:06:16'),
(129, 'laudantium', 'Molestias debitis voluptatem enim et. Optio et eos nulla omnis deleniti qui. Doloremque aut placeat quae voluptatum rerum nobis nulla.', 382, 3, 23, '2021-04-10 13:06:16', '2021-04-10 13:06:16'),
(130, 'sunt', 'Voluptatem perspiciatis ut excepturi doloremque accusantium voluptatem doloribus. Aut ut voluptas numquam quidem inventore quis. Natus impedit autem nihil quasi maxime quibusdam qui illum. Qui facilis sed inventore libero non molestiae a. Et quia aut laudantium quia.', 531, 8, 11, '2021-04-10 13:06:16', '2021-04-10 13:06:16'),
(131, 'doloribus', 'Ut excepturi enim et quas enim in. Et exercitationem minus aliquam iure in. Enim nihil error inventore odit nulla.', 651, 9, 22, '2021-04-10 13:06:16', '2021-04-10 13:06:16'),
(132, 'iste', 'Eum nisi sapiente nesciunt quos molestiae in consequatur. Iure at quibusdam est at repellat. Beatae quisquam quidem itaque et sit voluptas fuga.', 795, 6, 26, '2021-04-10 13:06:16', '2021-04-10 13:06:16'),
(133, 'repellendus', 'Omnis et totam ut sed voluptatibus. Rem sit ab ipsam porro mollitia sit non. Ea sit odit rerum explicabo est dignissimos.', 120, 2, 16, '2021-04-10 13:06:16', '2021-04-10 13:06:16'),
(134, 'ipsa', 'Optio vel et aut. Sed repellat asperiores in nobis. Repellendus eos eligendi porro accusantium. Blanditiis aut excepturi doloribus.', 636, 9, 24, '2021-04-10 13:06:16', '2021-04-10 13:06:16'),
(135, 'est', 'Ipsam quod nihil nostrum et dignissimos molestiae. Explicabo nobis voluptatum quod illum. Et quasi cupiditate vero sunt illo quasi placeat.', 866, 3, 5, '2021-04-10 13:06:16', '2021-04-10 13:06:16'),
(136, 'nemo', 'Et provident illum suscipit quos aut. Et et fugit sit odio eveniet. Laudantium a aut ad molestiae sed voluptatem. Laudantium repudiandae culpa sed illo.', 694, 9, 28, '2021-04-10 13:06:16', '2021-04-10 13:06:16'),
(137, 'est', 'Aut aut excepturi ea sint ipsa. Maxime id libero nihil et quisquam ipsum. Culpa quam deleniti quia laboriosam ut quis. Voluptatibus sunt eos explicabo velit inventore. Soluta est qui odio sit labore.', 393, 7, 23, '2021-04-10 13:06:16', '2021-04-10 13:06:16'),
(138, 'velit', 'Nesciunt saepe vitae eos illum ipsum. Adipisci commodi qui temporibus in. Tempore et sed qui neque enim sunt eaque. Aliquid quis placeat et.', 684, 8, 26, '2021-04-10 13:06:16', '2021-04-10 13:06:16'),
(139, 'et', 'Rem assumenda sed accusamus itaque voluptatem vel. Odio deserunt eos aut aut quo qui ducimus. Iste sit laborum magni enim voluptatem.', 340, 0, 15, '2021-04-10 13:06:16', '2021-04-10 13:06:16'),
(140, 'eligendi', 'Harum et quis quam deleniti sapiente similique qui laboriosam. Qui expedita culpa est laboriosam harum et culpa. Pariatur similique aliquid veritatis et. Necessitatibus labore vitae dolor eligendi qui recusandae.', 121, 4, 12, '2021-04-10 13:06:16', '2021-04-10 13:06:16'),
(141, 'neque', 'Expedita aut ab doloribus minima voluptate facilis ipsam dolores. Vero et non tempore molestias. Sint consequatur id et debitis dolorem.', 169, 5, 7, '2021-04-10 13:06:16', '2021-04-10 13:06:16'),
(142, 'quaerat', 'Eligendi quas neque eius. Quo et ipsam perspiciatis harum vero facilis. Consequuntur eligendi quis sint fugiat reiciendis. Nihil libero autem aut. Ut fugit sunt ea perferendis sed nesciunt.', 378, 1, 9, '2021-04-10 13:06:16', '2021-04-10 13:06:16'),
(143, 'natus', 'Consequatur quo et ut neque. Distinctio sit veniam quo et soluta voluptas. Deleniti repudiandae est architecto rerum consequatur.', 359, 3, 30, '2021-04-10 13:06:16', '2021-04-10 13:06:16'),
(144, 'et', 'Iusto tempora ipsam molestiae velit qui et aut. Consequatur ea ipsa occaecati voluptatem velit. Nostrum qui est eius perferendis.', 276, 1, 15, '2021-04-10 13:06:16', '2021-04-10 13:06:16'),
(145, 'adipisci', 'Commodi eaque sed accusantium deleniti ipsa temporibus vitae. Et incidunt maiores labore animi. Ad eum sapiente veritatis quis repudiandae nobis sequi quaerat.', 738, 6, 28, '2021-04-10 13:06:16', '2021-04-10 13:06:16'),
(146, 'officiis', 'In eveniet provident autem in. Voluptas nihil delectus quaerat dolores et. Nisi id amet error vitae nulla dicta error. Aliquam a similique dolores sed.', 521, 8, 23, '2021-04-10 13:06:16', '2021-04-10 13:06:16'),
(147, 'minima', 'Fugit consectetur voluptas non sit necessitatibus dolorem error magnam. Ut qui consequatur blanditiis facere ut. Id sed assumenda omnis eaque odio maiores consequatur. Quo dolores praesentium velit voluptas corporis tempora quam voluptas.', 502, 2, 13, '2021-04-10 13:06:16', '2021-04-10 13:06:16'),
(148, 'pariatur', 'Recusandae autem et saepe rerum qui at ut. Necessitatibus aut repudiandae nihil quia sunt consectetur quis. Dolor recusandae architecto optio qui minus. Earum nam numquam quas sit officiis.', 421, 9, 2, '2021-04-10 13:06:16', '2021-04-10 13:06:16'),
(149, 'qui', 'Dolores ut incidunt sunt omnis modi consequatur ipsa voluptatem. Sequi suscipit corporis aut molestias amet quia. Ipsam eos quaerat quam autem quae minus. Ut sunt repellendus sequi id omnis earum.', 801, 7, 6, '2021-04-10 13:06:16', '2021-04-10 13:06:16'),
(150, 'qui', 'Dolorem dolore accusantium expedita sit in sint et. Sapiente molestias dolores aut deserunt modi.', 490, 4, 16, '2021-04-10 13:06:16', '2021-04-10 13:06:16'),
(151, 'blanditiis', 'Velit at ut autem praesentium. Enim recusandae voluptates earum porro aut sed. Laborum temporibus explicabo deleniti vitae aut. Debitis debitis quia natus dolorum ullam nemo dolorem ipsum.', 752, 8, 12, '2021-04-10 13:14:18', '2021-04-10 13:14:18'),
(152, 'nobis', 'Rerum expedita rerum reprehenderit ut. Quibusdam qui sed et facilis laudantium. Non itaque inventore sed et est est sunt cupiditate. Aspernatur et deserunt earum ducimus modi et commodi.', 613, 8, 28, '2021-04-10 13:14:18', '2021-04-10 13:14:18'),
(153, 'vel', 'Animi est autem rerum amet quo deserunt cupiditate. Dolorum exercitationem assumenda aliquid. Laborum dolore nihil est pariatur qui magnam quis. Maxime asperiores consequuntur impedit nesciunt ad quia qui.', 279, 3, 17, '2021-04-10 13:14:19', '2021-04-10 13:14:19'),
(154, 'omnis', 'Dolorem sit porro similique officiis magni. Dolores autem quia magnam error velit voluptatem beatae. Est sapiente quis facilis commodi quia.', 337, 9, 13, '2021-04-10 13:14:19', '2021-04-10 13:14:19'),
(155, 'soluta', 'Illum enim quam illum ea omnis. Omnis blanditiis placeat alias asperiores itaque sunt quam.', 263, 3, 16, '2021-04-10 13:14:19', '2021-04-10 13:14:19'),
(156, 'velit', 'Delectus minus consectetur eveniet distinctio. Consequatur hic doloribus illum sint consectetur odio doloremque.', 140, 0, 21, '2021-04-10 13:14:19', '2021-04-10 13:14:19'),
(157, 'possimus', 'Laudantium est quam cumque et. Consequatur omnis dolor et fuga asperiores omnis aut. Et ratione dolor commodi delectus accusamus dolores iste.', 871, 3, 8, '2021-04-10 13:14:19', '2021-04-10 13:14:19'),
(158, 'consequatur', 'Sapiente iste laboriosam tenetur vero suscipit. Tenetur maiores perferendis aut a aut provident qui. Ex dolorem nihil quia molestias rerum facere enim consequatur.', 475, 1, 13, '2021-04-10 13:14:19', '2021-04-10 13:14:19'),
(159, 'laborum', 'Beatae rem et nisi similique ea possimus. Animi iste et quasi id mollitia nihil rerum quaerat. Et ab porro quia quas non voluptatem. Sed aut tenetur laudantium et delectus.', 937, 0, 14, '2021-04-10 13:14:19', '2021-04-10 13:14:19'),
(160, 'vel', 'Non excepturi consequuntur earum enim id doloremque. Praesentium eum eum deserunt et alias. A aliquid sed vel ipsam omnis. Eos beatae rem id.', 863, 1, 29, '2021-04-10 13:14:19', '2021-04-10 13:14:19'),
(161, 'sed', 'Totam voluptas hic est odit minus ad similique. Quo ex voluptatem architecto rerum maiores optio quo. Non id repellat asperiores facere. Dolores dolores sequi rerum blanditiis aut ut quisquam molestias.', 156, 8, 10, '2021-04-10 13:14:19', '2021-04-10 13:14:19'),
(162, 'assumenda', 'Id ad non quod magni. Tenetur atque quidem sit aliquid incidunt dolorem nihil. Illum nesciunt omnis nam expedita qui. Rerum ducimus beatae ut laborum nulla voluptatem.', 581, 9, 16, '2021-04-10 13:14:19', '2021-04-10 13:14:19'),
(163, 'sapiente', 'Alias provident libero expedita voluptatem ea similique. Blanditiis in sapiente expedita. Totam minus delectus dolorem atque dicta nemo aperiam.', 594, 6, 10, '2021-04-10 13:14:19', '2021-04-10 13:14:19'),
(164, 'reprehenderit', 'Sed ipsam vel aliquam sed animi reiciendis quis. Eum quia nesciunt et aut et a illum. Molestiae sit eaque molestias tempora et.', 948, 5, 5, '2021-04-10 13:14:19', '2021-04-10 13:14:19'),
(165, 'fugit', 'Eligendi quis quibusdam maiores ipsa assumenda consequatur. Ducimus sed quas omnis ea deleniti. Minima facilis laboriosam non nisi ipsum quibusdam.', 940, 7, 17, '2021-04-10 13:14:19', '2021-04-10 13:14:19'),
(166, 'in', 'Aliquam tempore perferendis repellat dicta. Ea sint ipsa molestiae et. Consequatur quia qui inventore sit vitae qui. Voluptas odit qui dolorum velit enim.', 445, 3, 19, '2021-04-10 13:14:19', '2021-04-10 13:14:19'),
(167, 'voluptatem', 'Non fugiat consectetur sint voluptatem. Doloremque ut quasi necessitatibus saepe ut.', 653, 0, 3, '2021-04-10 13:14:19', '2021-04-10 13:14:19'),
(168, 'cumque', 'Numquam deserunt ratione aut non aut nihil non omnis. Necessitatibus alias earum sunt voluptas libero officia nihil. Quibusdam saepe sunt quo iure non qui quaerat. Omnis omnis iusto quo quos harum enim voluptatem.', 197, 8, 11, '2021-04-10 13:14:19', '2021-04-10 13:14:19'),
(169, 'exercitationem', 'Quaerat sit consequatur sint et consequatur eaque. Ullam tempore laboriosam rem. At sed atque commodi et sapiente. Incidunt ut autem animi nesciunt eum minima consectetur. Praesentium quisquam repudiandae quo ducimus ad qui consequatur.', 589, 1, 5, '2021-04-10 13:14:19', '2021-04-10 13:14:19'),
(170, 'non', 'Reiciendis et atque in molestiae qui occaecati nisi voluptatibus. Animi eum rerum et dolor tenetur nulla. Dolor ad ipsa quaerat rerum doloribus repellat ut.', 463, 8, 25, '2021-04-10 13:14:19', '2021-04-10 13:14:19'),
(171, 'sunt', 'Odit quaerat et asperiores fuga debitis ea reprehenderit. Iste dolorem illo asperiores qui. Soluta eos dolor facilis.', 948, 8, 2, '2021-04-10 13:14:19', '2021-04-10 13:14:19'),
(172, 'architecto', 'Alias alias quos cum. Necessitatibus suscipit voluptas error nihil. Unde optio autem sit iusto ex consequatur. Quia temporibus velit dolore consequatur vero eveniet ullam qui. Commodi voluptate saepe molestiae consequuntur magnam nesciunt animi quis.', 680, 9, 9, '2021-04-10 13:14:19', '2021-04-10 13:14:19'),
(173, 'aut', 'Consequatur corporis adipisci at tenetur tempore quaerat. Quas explicabo repellat dolores doloremque doloribus voluptas explicabo. Blanditiis laboriosam non nam distinctio reprehenderit reiciendis omnis.', 944, 1, 25, '2021-04-10 13:14:19', '2021-04-10 13:14:19'),
(174, 'dignissimos', 'Voluptas voluptatem ut ratione. Et nihil ea ullam veritatis et. Totam voluptatibus ullam at fugiat aut iusto. Quos voluptas nihil vitae quia eum porro sed. Maxime ut quia ratione inventore.', 204, 8, 18, '2021-04-10 13:14:19', '2021-04-10 13:14:19'),
(175, 'explicabo', 'Molestiae quo earum rerum laudantium magni et. Id recusandae ratione consequuntur saepe commodi qui. Perferendis doloribus sunt autem qui quod et voluptatem. Amet quo et quisquam ea architecto.', 491, 2, 25, '2021-04-10 13:14:19', '2021-04-10 13:14:19'),
(176, 'est', 'Aut voluptas exercitationem id quibusdam. Esse laboriosam velit quasi quae unde. Accusamus et laborum rerum delectus. Similique nobis facilis voluptatem debitis odit omnis amet.', 763, 7, 24, '2021-04-10 13:14:19', '2021-04-10 13:14:19'),
(177, 'et', 'Cumque eum perferendis qui a. Nulla est expedita fuga cupiditate. Minus similique nobis dolor ut qui et et odio.', 916, 0, 26, '2021-04-10 13:14:20', '2021-04-10 13:14:20'),
(178, 'est', 'Odio amet ut architecto aut. Quam illum consequatur commodi. Sapiente voluptas ut et.', 272, 6, 25, '2021-04-10 13:14:20', '2021-04-10 13:14:20'),
(179, 'dolores', 'Itaque accusamus ex ratione dolorum. Debitis necessitatibus qui modi enim totam earum eos. Blanditiis libero eum dolorum est qui voluptatem.', 716, 5, 8, '2021-04-10 13:14:20', '2021-04-10 13:14:20'),
(180, 'dolor', 'Architecto dolor consequuntur ea et reprehenderit ullam. Libero sed molestiae velit cupiditate sequi. Voluptate ut sed possimus sequi dignissimos dignissimos sapiente.', 772, 8, 22, '2021-04-10 13:14:20', '2021-04-10 13:14:20'),
(181, 'molestias', 'Aliquid modi voluptas voluptas qui deserunt saepe alias. Id commodi perferendis est pariatur autem. Debitis eum rerum sit incidunt.', 929, 0, 12, '2021-04-10 13:14:20', '2021-04-10 13:14:20'),
(182, 'id', 'Veniam et sit sequi ex dolores qui. Ut quam doloremque iure velit ducimus consequatur. Nostrum iste doloribus quibusdam soluta.', 923, 6, 14, '2021-04-10 13:14:20', '2021-04-10 13:14:20'),
(183, 'dignissimos', 'Ab quia quia quasi exercitationem. Corporis delectus recusandae illum quia nemo. Est est natus mollitia inventore. Repudiandae omnis quia non.', 989, 6, 22, '2021-04-10 13:14:20', '2021-04-10 13:14:20'),
(184, 'reprehenderit', 'Impedit fugiat vel eum nam qui debitis qui pariatur. Quo eius ipsum ipsa dignissimos eveniet. Rerum est ut omnis nemo.', 837, 5, 18, '2021-04-10 13:14:20', '2021-04-10 13:14:20'),
(185, 'voluptatem', 'Accusamus sit aperiam occaecati non perferendis. Iure rerum aliquid et quam voluptatibus voluptas aliquid. Architecto autem pariatur perferendis nesciunt dolores consequatur.', 875, 0, 18, '2021-04-10 13:14:20', '2021-04-10 13:14:20'),
(186, 'sit', 'Vel repellat voluptates aut rerum recusandae similique temporibus. Totam ab ullam consequatur illum rerum eum. Consequatur sit incidunt quisquam velit enim atque eaque totam. Praesentium rerum ut odit eos sequi sunt temporibus dolorum.', 961, 6, 7, '2021-04-10 13:14:20', '2021-04-10 13:14:20'),
(187, 'consequatur', 'Minima excepturi rerum aut nihil quos ea. Repellendus perferendis iste qui facere in non deleniti. Aut voluptatem qui dolores ea voluptatibus id.', 846, 0, 20, '2021-04-10 13:14:20', '2021-04-10 13:14:20'),
(188, 'aut', 'Et aut facere qui dolorem. Corporis optio qui architecto ullam omnis. Vel necessitatibus quaerat autem et excepturi. Optio atque quod repellendus maxime. Omnis quisquam non voluptates eligendi ipsum provident non laborum.', 762, 7, 22, '2021-04-10 13:14:20', '2021-04-10 13:14:20'),
(189, 'tempora', 'Cumque eaque illo consectetur possimus. Qui dolores quae et nihil cupiditate ut et.', 973, 1, 5, '2021-04-10 13:14:20', '2021-04-10 13:14:20'),
(190, 'qui', 'Ducimus quis inventore quae dicta nisi nisi veritatis. Ratione ad soluta assumenda ipsum. Cupiditate ipsa odit sapiente nihil commodi doloribus animi.', 527, 7, 10, '2021-04-10 13:14:20', '2021-04-10 13:14:20'),
(191, 'aut', 'Iusto eum sint illo. Et repellat nihil quo. Sit delectus consectetur laborum voluptas est qui vero architecto. Ratione veniam beatae molestiae autem labore iure.', 790, 6, 24, '2021-04-10 13:14:20', '2021-04-10 13:14:20'),
(192, 'eum', 'Delectus enim veniam dolores placeat exercitationem aspernatur sapiente. Excepturi quis ratione tempore.', 944, 1, 8, '2021-04-10 13:14:20', '2021-04-10 13:14:20'),
(193, 'est', 'Nulla numquam officia praesentium eveniet et quo molestiae libero. Quas nisi expedita dicta ex. Assumenda cumque eum ipsa.', 877, 3, 14, '2021-04-10 13:14:21', '2021-04-10 13:14:21'),
(194, 'aut', 'Autem nulla nihil tenetur aliquam ut doloribus ipsa. Quae error nulla doloremque voluptatem sint. Recusandae similique necessitatibus autem excepturi cum.', 230, 8, 25, '2021-04-10 13:14:21', '2021-04-10 13:14:21'),
(195, 'dolor', 'Iste molestiae error cupiditate est tenetur. Assumenda fugiat est recusandae non.', 579, 3, 19, '2021-04-10 13:14:21', '2021-04-10 13:14:21'),
(196, 'harum', 'Culpa rem excepturi maiores qui excepturi in praesentium quos. Non iusto fugiat libero odio. Incidunt voluptatem omnis nam ut esse eum voluptatem.', 852, 5, 6, '2021-04-10 13:14:21', '2021-04-10 13:14:21'),
(197, 'laudantium', 'Autem in fuga ullam voluptatibus et. Voluptate ipsum rerum similique porro eligendi. Ut quo alias vero ipsam.', 950, 6, 2, '2021-04-10 13:14:21', '2021-04-10 13:14:21'),
(198, 'possimus', 'Fugit occaecati eos reiciendis tenetur consectetur et facere repudiandae. Rerum rerum consequatur ea omnis accusantium modi voluptatibus. Excepturi excepturi dolorum et animi aspernatur cupiditate.', 823, 6, 8, '2021-04-10 13:14:21', '2021-04-10 13:14:21'),
(199, 'ea', 'Provident similique dolores velit. Itaque hic similique officia magni. Aut qui quae ut eveniet.', 877, 9, 21, '2021-04-10 13:14:21', '2021-04-10 13:14:21'),
(200, 'consequuntur', 'Nihil sunt id rem ut repellat. Et aut fuga aut nisi quis aut error. Minima cupiditate dignissimos esse nostrum velit non. Autem nam enim non et ratione velit ut exercitationem.', 518, 2, 7, '2021-04-10 13:14:21', '2021-04-10 13:14:21');

-- --------------------------------------------------------

--
-- Table structure for table `reviews`
--

CREATE TABLE `reviews` (
  `id` bigint(20) UNSIGNED NOT NULL,
  `product_id` int(10) UNSIGNED NOT NULL,
  `customer` varchar(255) COLLATE utf8mb4_unicode_ci NOT NULL,
  `review` text COLLATE utf8mb4_unicode_ci NOT NULL,
  `star` int(11) NOT NULL,
  `created_at` timestamp NULL DEFAULT NULL,
  `updated_at` timestamp NULL DEFAULT NULL
) ENGINE=InnoDB DEFAULT CHARSET=utf8mb4 COLLATE=utf8mb4_unicode_ci;

--
-- Dumping data for table `reviews`
--

INSERT INTO `reviews` (`id`, `product_id`, `customer`, `review`, `star`, `created_at`, `updated_at`) VALUES
(1, 138, 'Gerald Marks IV', 'Nisi ad porro odio. Illum eius aperiam qui rerum nihil harum minus. Iusto non voluptates aut exercitationem et dolores est.', 3, '2021-04-10 13:24:32', '2021-04-10 13:24:32'),
(2, 119, 'Saige Cummerata PhD', 'Est sunt qui eum saepe sit atque numquam. Consectetur provident aut at eum. Consequatur hic natus aut quod temporibus facere.', 2, '2021-04-10 13:24:32', '2021-04-10 13:24:32'),
(3, 41, 'Watson Hodkiewicz', 'Quidem doloribus hic illum quia consequatur voluptas voluptas. Eligendi fuga animi atque est ullam possimus debitis. Ut doloremque dolorem dicta sint nemo.', 2, '2021-04-10 13:24:32', '2021-04-10 13:24:32'),
(4, 52, 'Dr. Daryl Rath DVM', 'Est laboriosam autem maxime vel asperiores praesentium. Et non aliquam dolorum. Eos dolore aut fugit.', 2, '2021-04-10 13:24:33', '2021-04-10 13:24:33'),
(5, 124, 'Einar Senger', 'Accusantium temporibus quae quia tenetur delectus in. Modi odio earum ut qui maiores est dolores. Mollitia alias quas aut perferendis vitae mollitia.', 2, '2021-04-10 13:24:33', '2021-04-10 13:24:33'),
(6, 118, 'Alfonso Rogahn', 'Qui laborum nostrum itaque. Omnis ut non a tenetur qui quibusdam minus. Possimus aut cum doloremque esse commodi. Sint sint cumque qui.', 0, '2021-04-10 13:24:33', '2021-04-10 13:24:33'),
(7, 88, 'Hillard Ebert', 'Ut voluptate laboriosam id eum qui nihil. Nobis sint non amet voluptate consequatur maiores. Nulla ab nisi voluptatem dolore et. Qui itaque sit quia sit nemo aut.', 3, '2021-04-10 13:24:33', '2021-04-10 13:24:33'),
(8, 4, 'Duncan Aufderhar', 'Excepturi qui laborum neque eum optio culpa. Est consequatur quia voluptas. Repellendus asperiores omnis odit sint. Sed sapiente quasi corrupti voluptatum.', 4, '2021-04-10 13:24:33', '2021-04-10 13:24:33'),
(9, 172, 'Miss Tess Farrell', 'Quibusdam temporibus sunt asperiores. Et explicabo ut sequi cupiditate. Veniam quia quis id. Cumque aut corporis corrupti corrupti molestias. Nobis ipsam quibusdam est voluptates voluptate velit error.', 2, '2021-04-10 13:24:33', '2021-04-10 13:24:33'),
(10, 157, 'Prof. Baby Mayert II', 'Perspiciatis minus et necessitatibus deserunt sint. Ipsum harum voluptates ipsam porro quidem delectus officiis. Veritatis voluptatem tenetur distinctio et quos et veniam saepe.', 4, '2021-04-10 13:24:33', '2021-04-10 13:24:33'),
(11, 89, 'Prof. Rory Nolan', 'Id asperiores non cupiditate eius ut autem eveniet. Ea similique itaque aut repellat. Et et quos soluta sit quae. Aut hic ut nam eligendi nemo tenetur dicta.', 1, '2021-04-10 13:24:33', '2021-04-10 13:24:33'),
(12, 151, 'Rosalind Bode', 'Aut sunt aspernatur autem nihil. Eaque expedita optio qui expedita. Ut ipsum numquam repellendus vel sit molestiae.', 4, '2021-04-10 13:24:33', '2021-04-10 13:24:33'),
(13, 145, 'Conor Stiedemann III', 'Quibusdam et molestias et odio natus temporibus veniam ut. Et molestias vel exercitationem et. Quis voluptate dolor excepturi. Pariatur consequatur fugiat aspernatur suscipit dolorem aut autem.', 3, '2021-04-10 13:24:33', '2021-04-10 13:24:33'),
(14, 61, 'Tina Douglas III', 'Et velit ipsa voluptate exercitationem. Quia est sunt quaerat tenetur soluta sit. At ipsa consectetur et odio.', 4, '2021-04-10 13:24:33', '2021-04-10 13:24:33'),
(15, 114, 'Sydney Botsford', 'Et veritatis necessitatibus sed et eos pariatur. Cupiditate eos sapiente quos aut vel. Corporis id animi optio praesentium distinctio. Cupiditate et ut laudantium possimus incidunt aut et.', 2, '2021-04-10 13:24:33', '2021-04-10 13:24:33'),
(16, 198, 'Maegan Satterfield', 'Voluptate odit dolor minus id consectetur magni quia sit. Sed culpa tempore aspernatur inventore ut commodi. Commodi veritatis incidunt nihil voluptate temporibus explicabo at sunt. Est harum consequatur autem fugit iure.', 5, '2021-04-10 13:24:33', '2021-04-10 13:24:33'),
(17, 108, 'Dr. Karl Little V', 'Eligendi doloremque consequatur et adipisci qui asperiores sed. Accusantium omnis quis in eaque quo. Aliquid eos iure officia commodi dicta.', 3, '2021-04-10 13:24:33', '2021-04-10 13:24:33'),
(18, 16, 'Prof. Malvina Williamson', 'Dolor ut sit delectus ipsam ut accusantium sed. Qui repellendus sequi ut sed animi rerum assumenda. Dolor rerum omnis qui sit nulla enim illum. Sit libero id quod dolor et molestias nobis eligendi.', 1, '2021-04-10 13:24:33', '2021-04-10 13:24:33'),
(19, 180, 'Elmer Murphy', 'Quisquam porro quidem occaecati tempore. Aspernatur nulla facilis animi necessitatibus. Est cupiditate voluptatem dicta qui dolorum.', 0, '2021-04-10 13:24:33', '2021-04-10 13:24:33'),
(20, 87, 'Dina Wolff', 'Eligendi quia voluptate sequi aut architecto quas expedita. Voluptatem autem sint deserunt pariatur enim. Vero corporis beatae illum quidem placeat.', 2, '2021-04-10 13:24:33', '2021-04-10 13:24:33'),
(21, 50, 'Stanford Kulas', 'Est rerum sapiente quod ut. Possimus odio optio at dolorum iusto laboriosam doloremque. Laudantium nihil laudantium consectetur necessitatibus. Aut tempora esse consequuntur perspiciatis sint qui ipsa nobis.', 5, '2021-04-10 13:24:33', '2021-04-10 13:24:33'),
(22, 187, 'Dillan Leuschke', 'Eius culpa consequuntur necessitatibus non voluptas nihil. Occaecati itaque et quia numquam voluptatem. Voluptas sit exercitationem dolorem quaerat dolorem rerum porro. Et fugit ex est recusandae eos quae.', 3, '2021-04-10 13:24:33', '2021-04-10 13:24:33'),
(23, 157, 'Bo Kuvalis', 'Reiciendis error ut occaecati nulla maiores et doloribus. Reiciendis amet eaque assumenda ipsum in aperiam fuga quasi. Rerum in qui quia saepe occaecati rem fuga beatae. Ut vitae aliquam enim magnam reiciendis eum veniam. Qui veniam quod error sint officiis atque.', 3, '2021-04-10 13:24:34', '2021-04-10 13:24:34'),
(24, 83, 'Pearline McGlynn DVM', 'Placeat error nam odit. Veniam quos optio temporibus quia eos tempore mollitia. Id explicabo et aut ab accusantium fugiat adipisci. Unde atque sequi iure iusto aut illum quos.', 3, '2021-04-10 13:24:34', '2021-04-10 13:24:34'),
(25, 96, 'Mrs. Ona Gislason', 'Est eligendi qui a est non ullam est. Autem vero impedit reiciendis blanditiis exercitationem. Hic est tempore magnam sapiente eaque iusto eius facere.', 3, '2021-04-10 13:24:34', '2021-04-10 13:24:34'),
(26, 44, 'Shakira Kreiger I', 'Rerum ratione reiciendis quia in corporis illo dolores ut. Aut eum facere dolor ut. Et totam ducimus esse sit est unde. Nulla vel minima dolor aut molestiae.', 5, '2021-04-10 13:24:34', '2021-04-10 13:24:34'),
(27, 200, 'Carmine Cartwright', 'Quis quo sapiente voluptas magnam aut rerum dicta. Ut nemo praesentium labore. Ut exercitationem minus sapiente voluptatem quas magnam repudiandae. Saepe illo voluptas impedit ullam sint sit quia.', 4, '2021-04-10 13:24:34', '2021-04-10 13:24:34'),
(28, 47, 'Bruce Marks', 'Quia qui minima odio sed. Fugiat ad doloribus non minus nobis iste.', 3, '2021-04-10 13:24:34', '2021-04-10 13:24:34'),
(29, 112, 'Ms. Lessie Watsica', 'Ut magnam vitae deserunt in ullam veniam quam. Similique atque esse culpa quia. Voluptatum et nostrum iste et eum quisquam.', 1, '2021-04-10 13:24:34', '2021-04-10 13:24:34'),
(30, 19, 'Jayde Macejkovic', 'Incidunt et voluptatibus voluptatem amet. Itaque fuga aut nostrum laboriosam ut nobis. Animi impedit voluptatem alias non non. Quia omnis iste incidunt libero.', 3, '2021-04-10 13:24:34', '2021-04-10 13:24:34'),
(31, 75, 'Mrs. Emma Hudson III', 'Dolores tempora sed et doloremque repellat inventore maxime. Numquam quisquam debitis quis veniam aut ab sunt eius. Commodi deleniti et sit ipsa dolores quaerat ipsum. Dicta rerum quo sit at dolor qui.', 5, '2021-04-10 13:24:34', '2021-04-10 13:24:34'),
(32, 96, 'Aron Smitham', 'Omnis quidem ab reiciendis impedit vero. Perspiciatis illum cum nisi aut placeat eligendi. Sit esse repudiandae quis amet voluptatem molestias rerum. Suscipit iure voluptatibus veritatis officia commodi cumque et et. Voluptatum nihil sed corporis delectus est.', 4, '2021-04-10 13:24:34', '2021-04-10 13:24:34'),
(33, 15, 'Stephanie Gleichner IV', 'Alias eum quia sunt et. Animi quidem sint excepturi quidem sit nam. Nihil itaque quia illum sint.', 0, '2021-04-10 13:24:34', '2021-04-10 13:24:34'),
(34, 84, 'Buster Bins I', 'Tenetur est in aut distinctio quod. Consequuntur asperiores qui eos reprehenderit maiores. Quis omnis voluptas repellat vel aliquid omnis. Tempore in quas sint. Dolorem quae aperiam voluptas.', 3, '2021-04-10 13:24:34', '2021-04-10 13:24:34'),
(35, 3, 'Dandre Smitham', 'Enim dolor porro numquam qui. Veniam voluptatem at ex saepe. Similique sint eius asperiores est veritatis voluptas placeat ut.', 1, '2021-04-10 13:24:34', '2021-04-10 13:24:34'),
(36, 138, 'Oceane Durgan', 'Voluptate itaque temporibus error. Natus magnam facilis dolores sit voluptatem. Dolore voluptas veritatis libero eum quidem.', 5, '2021-04-10 13:24:34', '2021-04-10 13:24:34'),
(37, 25, 'Ignatius Parker', 'Voluptas qui laborum nihil autem voluptatibus. Sit enim exercitationem sed architecto quisquam eaque. Natus culpa sed soluta ut atque. Voluptates modi magnam ut voluptatum et. Qui expedita saepe a et.', 3, '2021-04-10 13:24:34', '2021-04-10 13:24:34'),
(38, 55, 'Hayden Leuschke', 'Voluptas et sequi qui et ad. Corrupti nihil nisi rerum saepe.', 4, '2021-04-10 13:24:34', '2021-04-10 13:24:34'),
(39, 44, 'Prof. Cassie Bashirian IV', 'Quidem eos voluptate distinctio pariatur ad blanditiis. Corrupti at veniam dolores dolorum. Et vitae ea aliquid repudiandae explicabo.', 1, '2021-04-10 13:24:34', '2021-04-10 13:24:34'),
(40, 52, 'Helga Heller', 'Tempora voluptatum explicabo est et non sed architecto. Sunt esse minus nihil qui. Et ipsum exercitationem sed ex sint asperiores.', 2, '2021-04-10 13:24:34', '2021-04-10 13:24:34'),
(41, 38, 'Lexie O\'Hara', 'Accusantium voluptatum officiis et voluptatem unde veritatis voluptas. Iure tenetur iusto vero. Quia quo quo placeat ducimus assumenda.', 4, '2021-04-10 13:24:34', '2021-04-10 13:24:34'),
(42, 73, 'Miss Bettie Roberts', 'Quisquam in perspiciatis ea ex non quo in nam. Facilis quidem ab beatae possimus debitis a quidem. Non qui velit nemo dolores ullam. Molestias et velit dicta nostrum.', 0, '2021-04-10 13:24:34', '2021-04-10 13:24:34'),
(43, 41, 'Colton Dach', 'Est consectetur quibusdam reiciendis doloremque nobis voluptate. Qui in error cum quidem. Consequuntur consequatur consequatur nesciunt quod ex harum eum.', 4, '2021-04-10 13:24:34', '2021-04-10 13:24:34'),
(44, 154, 'Eve Cartwright PhD', 'Totam voluptatum cum illo sint quas. Fugit nihil itaque voluptatem. Incidunt placeat nemo fugiat quasi rerum dolores dolore aut. Accusamus explicabo atque qui explicabo consequatur nihil aut.', 2, '2021-04-10 13:24:34', '2021-04-10 13:24:34'),
(45, 123, 'Aida Lang', 'Quis soluta enim praesentium et delectus a iusto. Assumenda qui non quis vitae. Et consectetur itaque enim placeat distinctio. Non ut in assumenda ullam occaecati. Vel debitis incidunt et vero aut velit.', 4, '2021-04-10 13:24:34', '2021-04-10 13:24:34'),
(46, 128, 'Marina Reichel', 'Est nulla itaque consequatur consequatur ut nihil et. Ducimus et nisi aliquam deserunt officiis et possimus. Voluptas consequatur qui magnam perferendis culpa ratione aut. Sit eius rem quod voluptatum reprehenderit odit.', 1, '2021-04-10 13:24:34', '2021-04-10 13:24:34'),
(47, 8, 'Prof. Kristopher Leuschke', 'Eaque ad sit nam quaerat adipisci ipsam. Ea rem quas et at voluptate voluptas. Nihil nisi maxime quas enim quia quis.', 5, '2021-04-10 13:24:34', '2021-04-10 13:24:34'),
(48, 84, 'Pamela Goodwin', 'Vel ratione consequatur voluptatem vero commodi eum et. Dolor sapiente dolores rerum occaecati nobis voluptatum commodi. Dignissimos molestiae tempora repellendus quia voluptate.', 3, '2021-04-10 13:24:34', '2021-04-10 13:24:34'),
(49, 73, 'Brandt Roberts', 'Fugiat deleniti est in voluptatem doloribus recusandae harum. Reiciendis fugiat et ullam vel odit. Aut recusandae aut et rerum eum.', 4, '2021-04-10 13:24:34', '2021-04-10 13:24:34'),
(50, 74, 'Miss Brenna Dickinson', 'Temporibus quia iste sunt. Repellendus molestiae a reiciendis nihil eveniet beatae accusamus. Porro dolore sequi culpa ea et quae explicabo. Error aut non qui optio eius soluta nemo.', 5, '2021-04-10 13:24:35', '2021-04-10 13:24:35'),
(51, 184, 'Bethel Watsica', 'Vitae sapiente minus aut autem animi eligendi molestias soluta. Eum qui sit quaerat dolorum. Enim excepturi magni autem enim esse quo. Aut et quos sed autem et reiciendis suscipit. Blanditiis ut consequatur tempore magnam mollitia mollitia.', 2, '2021-04-10 13:24:35', '2021-04-10 13:24:35'),
(52, 5, 'Manuela Bartoletti', 'Sed rerum deserunt quidem rerum eum nesciunt quasi. Facere iure sunt alias. Sed adipisci neque labore est.', 2, '2021-04-10 13:24:35', '2021-04-10 13:24:35'),
(53, 127, 'Tanya Mraz', 'Enim laudantium velit ea unde quas magnam et nobis. Dolor cum id neque maxime ducimus. Sunt rerum voluptatum fugit fugit.', 2, '2021-04-10 13:24:35', '2021-04-10 13:24:35'),
(54, 151, 'Brianne Cole Jr.', 'Quo et eius vel facere. Velit molestiae dignissimos sunt culpa. Doloremque pariatur veniam tempora necessitatibus consectetur sit molestiae corrupti. Blanditiis deserunt asperiores vel et optio suscipit.', 1, '2021-04-10 13:24:35', '2021-04-10 13:24:35'),
(55, 144, 'Albina Hyatt', 'Quas quo recusandae aliquid. Quidem nemo pariatur et nulla sequi sed quae perferendis. Recusandae harum veniam dolorem deleniti.', 0, '2021-04-10 13:24:35', '2021-04-10 13:24:35'),
(56, 11, 'Stella Brown', 'Facere qui temporibus consequatur aperiam aliquid vel neque. Porro accusantium reprehenderit illo voluptate incidunt praesentium. Sint soluta asperiores tempore consequatur.', 5, '2021-04-10 13:24:35', '2021-04-10 13:24:35'),
(57, 119, 'Gail Gottlieb III', 'Expedita consequatur voluptate sunt. Occaecati architecto dolore enim quia cumque. Quia et magnam rerum. Saepe omnis natus non.', 0, '2021-04-10 13:24:35', '2021-04-10 13:24:35'),
(58, 115, 'Berniece Schumm DDS', 'Debitis culpa saepe et. Voluptatem omnis pariatur minima eum unde repudiandae nobis.', 5, '2021-04-10 13:24:35', '2021-04-10 13:24:35'),
(59, 137, 'Jamie Runolfsdottir II', 'Hic blanditiis sunt corporis ipsa repellat accusantium quam. Consequatur et magnam aperiam ipsa. Aut fugiat facilis repellat. Nihil tempora et eos asperiores animi voluptatem expedita quidem. Officia aut maiores distinctio et reprehenderit eligendi.', 1, '2021-04-10 13:24:35', '2021-04-10 13:24:35'),
(60, 45, 'Heaven Schiller', 'Aut totam similique repellat ullam. Et aut dolorem quam esse et. Sed sit voluptatibus ut laborum aspernatur vero. Autem eaque et praesentium ut consequatur quisquam illo.', 3, '2021-04-10 13:24:35', '2021-04-10 13:24:35'),
(61, 83, 'Nelle Bailey', 'In omnis in dicta a. Debitis rerum expedita laborum distinctio illo eveniet. Possimus sint molestiae quis aut. Eos possimus hic consequatur accusantium deleniti nulla itaque optio.', 4, '2021-04-10 13:24:35', '2021-04-10 13:24:35'),
(62, 68, 'Keyon Brekke IV', 'Ut pariatur dolores dicta autem ut pariatur ipsum. Odio provident dignissimos qui ullam dolores autem. Et animi quia debitis vel.', 1, '2021-04-10 13:24:35', '2021-04-10 13:24:35'),
(63, 28, 'Dr. Cayla O\'Reilly', 'Natus aspernatur nam doloribus consequatur. Omnis neque labore est porro. Itaque id in explicabo quas non ex. Dolore et sed est et nihil ut.', 4, '2021-04-10 13:24:35', '2021-04-10 13:24:35'),
(64, 102, 'Roselyn McDermott', 'Voluptatem et voluptatem ut quaerat et. Natus inventore dicta ut quo. Quia vero et dolorum voluptatum blanditiis. Asperiores sequi ea tenetur harum et iste omnis. Quidem molestiae odit enim sed dolorem ut.', 4, '2021-04-10 13:24:35', '2021-04-10 13:24:35'),
(65, 105, 'Aida Bernhard II', 'Sint quia magni asperiores quis deleniti numquam ex fugit. Velit quas ut cupiditate a. Et rerum voluptatem voluptas et.', 4, '2021-04-10 13:24:35', '2021-04-10 13:24:35'),
(66, 79, 'Jayne Schaefer', 'Eaque aspernatur nihil velit dolores ipsam. Pariatur ipsum temporibus placeat quidem et ad iste. Consequatur et consequatur voluptas accusantium dolor cupiditate. Dignissimos iusto officia tenetur.', 2, '2021-04-10 13:24:35', '2021-04-10 13:24:35'),
(67, 33, 'Mr. Merlin Pfeffer', 'Nisi dignissimos amet aliquam dicta ipsa. Ut deserunt ea ipsum consequatur ipsa voluptas.', 5, '2021-04-10 13:24:35', '2021-04-10 13:24:35'),
(68, 90, 'Raegan Block', 'Earum eum ad doloremque repudiandae. Neque architecto odit et in eaque. Dolores aut hic porro laborum. Et aut distinctio dicta impedit laboriosam et ipsum.', 3, '2021-04-10 13:24:35', '2021-04-10 13:24:35'),
(69, 4, 'Prof. Kelly Parker DDS', 'Provident est impedit et et rem magnam ut. Consequatur voluptate sequi ad porro dolorum ratione aliquam. Id veritatis libero praesentium. Iusto voluptatem blanditiis ea quia.', 2, '2021-04-10 13:24:35', '2021-04-10 13:24:35'),
(70, 42, 'Mrs. Zora Rogahn Jr.', 'Qui in et fuga corporis. Beatae id omnis sed cumque consequatur consequatur est et. Exercitationem harum porro quos hic asperiores.', 2, '2021-04-10 13:24:35', '2021-04-10 13:24:35'),
(71, 31, 'Frederik Howe', 'Aut vel rerum alias quia. Cupiditate accusantium qui provident enim. Et possimus et amet corrupti in. Sit et reprehenderit odit.', 4, '2021-04-10 13:24:36', '2021-04-10 13:24:36'),
(72, 158, 'Mr. Greg Kessler', 'Rerum possimus veritatis tenetur at necessitatibus. Nostrum ab voluptas officia qui et saepe quisquam. Voluptatem veritatis quis aut veritatis. Tempore omnis ab odit aspernatur sunt cum.', 1, '2021-04-10 13:24:36', '2021-04-10 13:24:36'),
(73, 81, 'Ayla Gibson', 'Ipsa doloribus fugiat atque qui dolore voluptatem. Odio atque dolorum dolores deserunt. Voluptatum nulla qui molestias omnis distinctio. Nostrum sunt fugit accusantium sit deserunt. Dolor earum aspernatur ipsa rem quia quam vitae.', 5, '2021-04-10 13:24:36', '2021-04-10 13:24:36'),
(74, 137, 'Arjun Russel', 'Quia ea quasi beatae veritatis. Sunt veritatis ex et mollitia ut voluptas. Voluptatibus iste ut adipisci facilis et.', 4, '2021-04-10 13:24:36', '2021-04-10 13:24:36'),
(75, 58, 'Myles Herman', 'Pariatur qui perferendis modi assumenda tempore qui sapiente. Est et similique sit error voluptatibus est. Cupiditate cupiditate at optio perferendis autem.', 0, '2021-04-10 13:24:36', '2021-04-10 13:24:36'),
(76, 191, 'Ciara Leffler DDS', 'Ut sed saepe dolorem repellendus suscipit. Deserunt qui iusto atque possimus ullam natus. Laborum molestias quae ipsam voluptatum.', 4, '2021-04-10 13:24:36', '2021-04-10 13:24:36'),
(77, 197, 'Dr. Mozell Prohaska DVM', 'Reiciendis maxime enim molestias quia. Error quibusdam nemo nulla et dolor. Nesciunt sit est consequuntur doloribus voluptatum et et quia.', 5, '2021-04-10 13:24:36', '2021-04-10 13:24:36'),
(78, 185, 'Miss Marina Nitzsche', 'Accusantium reiciendis voluptatum qui et voluptas ut. Maxime non accusantium officia sed et. Et sunt qui rem sint rerum. Natus quas unde eum molestiae quis illum id. A ducimus deleniti exercitationem.', 3, '2021-04-10 13:24:36', '2021-04-10 13:24:36'),
(79, 84, 'Randy Littel', 'Omnis corrupti tenetur qui eum excepturi beatae ipsa qui. Sunt sit libero quasi qui ipsum. Laboriosam nostrum tempore cumque rerum. Non earum quia ipsa voluptates unde similique.', 5, '2021-04-10 13:24:36', '2021-04-10 13:24:36'),
(80, 108, 'Theo Kris', 'Consequatur autem itaque eos temporibus dicta vitae placeat. Voluptas omnis expedita quaerat error dolorem reprehenderit. Quas impedit ut autem voluptatibus fuga et laboriosam quod. Perspiciatis alias tenetur voluptates exercitationem sunt quos iure.', 0, '2021-04-10 13:24:36', '2021-04-10 13:24:36'),
(81, 101, 'Ms. Lorena Welch DVM', 'Asperiores rerum eos cupiditate quam excepturi eum velit eos. Adipisci sunt delectus nemo vel reprehenderit. Tenetur est quia totam nihil eos. Deserunt fugit dolorem tempora molestiae natus qui.', 0, '2021-04-10 13:24:36', '2021-04-10 13:24:36'),
(82, 179, 'Terrell Bradtke', 'Rem aut libero qui est nostrum. Perferendis consequatur quia inventore assumenda. Quos sed molestias libero laborum exercitationem qui atque. Placeat quae qui sit ducimus ut expedita a porro.', 4, '2021-04-10 13:24:36', '2021-04-10 13:24:36'),
(83, 50, 'Deion Green Jr.', 'Est modi rem voluptas eos sit perferendis. Et necessitatibus minus earum. Ipsum laborum dolorem autem non expedita ut. Commodi cum cupiditate veniam dignissimos esse.', 3, '2021-04-10 13:24:36', '2021-04-10 13:24:36'),
(84, 97, 'Elvera Leffler', 'Unde officia nihil ipsa. Esse rerum repellat vero qui aut. Et quo consequatur voluptatum qui ut neque id. Inventore perferendis accusamus eum exercitationem.', 4, '2021-04-10 13:24:36', '2021-04-10 13:24:36'),
(85, 70, 'Adam Hagenes', 'Aut voluptates quia molestiae est dolorum. Atque nisi voluptatem harum. Odio beatae iusto nulla doloribus consequatur natus.', 2, '2021-04-10 13:24:36', '2021-04-10 13:24:36'),
(86, 166, 'Dr. Bradly Farrell', 'Odio exercitationem accusamus minus. Libero nemo dolores modi officia numquam voluptates ullam. Officiis ut voluptatem quia sequi dolor. In fugit sapiente necessitatibus magnam.', 4, '2021-04-10 13:24:36', '2021-04-10 13:24:36'),
(87, 125, 'Jennie Nader MD', 'Totam consectetur labore minima quia porro. Perspiciatis beatae sit totam. Autem magnam quis reiciendis asperiores eveniet rem laborum.', 3, '2021-04-10 13:24:36', '2021-04-10 13:24:36'),
(88, 148, 'Lynn Abbott', 'Non blanditiis quod unde quae. Accusantium et qui quis ad consequuntur hic. Error ut sit eum cupiditate.', 5, '2021-04-10 13:24:36', '2021-04-10 13:24:36'),
(89, 87, 'Dereck Fadel', 'Labore ad est eius provident velit. Laborum totam unde alias repudiandae dolor consequatur. Modi autem neque architecto unde sequi aut.', 1, '2021-04-10 13:24:36', '2021-04-10 13:24:36'),
(90, 133, 'Yasmine Crooks', 'Explicabo explicabo sapiente dolorum sed. Cumque doloremque rerum minima enim. Aut repellat voluptatum cupiditate ut facilis voluptates modi. Debitis totam qui tempore aut consequatur et id. Dolor et possimus quas possimus facilis.', 5, '2021-04-10 13:24:36', '2021-04-10 13:24:36'),
(91, 159, 'Blaze Hermiston', 'Sit quis et sint voluptatem. Quia sit sed repudiandae temporibus quia earum et quae. Fugit quia qui nesciunt sit magnam et. Natus magni aut harum dolores. Ipsum maiores et est aut est velit.', 1, '2021-04-10 13:24:36', '2021-04-10 13:24:36'),
(92, 85, 'Shanna Aufderhar', 'Voluptas impedit adipisci similique. Nihil vel itaque repellendus fugiat vitae nisi non.', 3, '2021-04-10 13:24:36', '2021-04-10 13:24:36'),
(93, 180, 'Dr. Ruthie Treutel', 'Perspiciatis doloribus dignissimos ipsam deleniti nesciunt quasi. Et modi sit nesciunt ea magnam voluptatibus aliquid architecto. Ab modi impedit velit sit qui. Possimus quo nesciunt odio quibusdam.', 0, '2021-04-10 13:24:36', '2021-04-10 13:24:36'),
(94, 95, 'Ramiro Wintheiser', 'Voluptates doloremque et qui et. Optio facere incidunt cumque. Est maiores dolor voluptatibus fugit veniam.', 5, '2021-04-10 13:24:37', '2021-04-10 13:24:37'),
(95, 74, 'Ms. Kailyn Marvin', 'Et doloremque quia fugiat. Amet beatae quis qui error. Ut iure accusantium id eaque molestiae.', 3, '2021-04-10 13:24:37', '2021-04-10 13:24:37'),
(96, 123, 'Ms. Margie Considine', 'Rem unde quos rerum sapiente temporibus maxime. Occaecati nobis et eos minima eligendi.', 0, '2021-04-10 13:24:37', '2021-04-10 13:24:37'),
(97, 126, 'Gretchen Murazik V', 'Qui cupiditate tempora voluptatibus sunt deleniti qui veritatis illo. Recusandae officia qui rerum laudantium nisi corporis. Accusantium est dolore et esse nemo aut. A perspiciatis ut expedita accusamus.', 3, '2021-04-10 13:24:37', '2021-04-10 13:24:37'),
(98, 12, 'Dr. Liliane Effertz PhD', 'Consectetur vitae dolor incidunt possimus eligendi dolores sit quisquam. Sit omnis itaque et nobis. Quos eligendi necessitatibus natus neque est. Repellat omnis optio doloribus pariatur qui et cupiditate.', 3, '2021-04-10 13:24:37', '2021-04-10 13:24:37'),
(99, 123, 'Branson Bogisich II', 'Est cupiditate nobis quisquam qui enim. Molestiae et sed at ducimus rem ut. Provident repudiandae eligendi aperiam ut eum dolorum placeat. Nihil voluptatibus quia libero consequatur perspiciatis aut.', 1, '2021-04-10 13:24:37', '2021-04-10 13:24:37'),
(100, 156, 'Sylvia Mitchell', 'Qui nihil rerum sequi architecto est omnis veniam. Consequuntur voluptas consequatur officiis laudantium. Neque qui beatae aut temporibus corrupti nihil ullam et.', 5, '2021-04-10 13:24:37', '2021-04-10 13:24:37'),
(101, 113, 'Prof. Aric Marvin', 'Sint amet et nostrum. Alias doloribus nemo quae ea qui est sed. Exercitationem accusamus ullam voluptas sunt non. Molestias quaerat non et dolor saepe.', 1, '2021-04-10 13:24:37', '2021-04-10 13:24:37'),
(102, 95, 'Felicia Krajcik', 'Tempora cum et facere corporis vel. Enim excepturi cum deserunt voluptate fugiat possimus quidem.', 2, '2021-04-10 13:24:37', '2021-04-10 13:24:37'),
(103, 101, 'Mrs. Rossie Cartwright V', 'Voluptatem nihil dicta provident dolorum sed sed. Cumque quia voluptatem ut aliquid delectus aspernatur distinctio. Fugit nihil quisquam aliquam sit.', 5, '2021-04-10 13:24:37', '2021-04-10 13:24:37'),
(104, 107, 'Haley Jacobi I', 'Temporibus et quos aut aut omnis. In doloremque debitis similique fuga. Et tempore dolores sed et blanditiis. Eum recusandae dolor suscipit necessitatibus enim quibusdam dolores.', 2, '2021-04-10 13:24:37', '2021-04-10 13:24:37'),
(105, 188, 'Breanne Schultz', 'Dignissimos et quae est unde sint. Dolor rerum quo voluptatem repudiandae pariatur. Nisi at quae possimus est atque.', 0, '2021-04-10 13:24:37', '2021-04-10 13:24:37'),
(106, 196, 'Virginia Jones', 'Ad id non eaque id porro at. Delectus eos earum iure sunt voluptatem. Reprehenderit autem suscipit enim nobis repellendus.', 5, '2021-04-10 13:24:37', '2021-04-10 13:24:37'),
(107, 172, 'Prof. Jaden Schaden', 'Id saepe nihil dolorem qui reiciendis in. Harum veniam nihil hic aut. Tenetur et officia voluptates nulla consequatur et.', 1, '2021-04-10 13:24:37', '2021-04-10 13:24:37'),
(108, 140, 'Kristin Turner', 'Incidunt ut asperiores et ut. Perspiciatis repellendus maxime eaque deserunt ut dolores aut. Enim doloremque voluptatibus dolorum nihil autem.', 5, '2021-04-10 13:24:37', '2021-04-10 13:24:37'),
(109, 155, 'Dr. Dandre Morissette MD', 'Quia asperiores illo nulla molestiae consequatur consequuntur. Nobis nesciunt omnis sint a. Ea velit eveniet quia consequatur quam aut.', 1, '2021-04-10 13:24:37', '2021-04-10 13:24:37'),
(110, 101, 'Dorcas Waelchi', 'Velit qui maxime est numquam porro. Soluta officiis hic culpa quod. Nam corrupti facere sunt deleniti corporis asperiores soluta.', 4, '2021-04-10 13:24:37', '2021-04-10 13:24:37'),
(111, 126, 'Nona Tremblay V', 'Fugiat provident velit dolorem magnam ea. Soluta soluta incidunt facilis ex aliquid perferendis magni unde. Numquam sint dicta ex accusantium occaecati earum.', 2, '2021-04-10 13:24:37', '2021-04-10 13:24:37'),
(112, 153, 'Jordan Stiedemann', 'Est consequatur voluptatem et tempora autem. Qui sed hic sapiente voluptates sit quae. Est consequatur voluptatem neque ab nulla. Qui quia quae optio placeat et temporibus.', 3, '2021-04-10 13:24:38', '2021-04-10 13:24:38'),
(113, 155, 'Miss Mariana Halvorson DVM', 'Laboriosam laboriosam sed fugiat alias id. Rerum qui adipisci id soluta.', 3, '2021-04-10 13:24:38', '2021-04-10 13:24:38'),
(114, 140, 'William Kulas', 'Explicabo eum enim ut. Doloremque magni corrupti sed a quia.', 2, '2021-04-10 13:24:38', '2021-04-10 13:24:38'),
(115, 23, 'Matilde Erdman', 'Dolore et voluptatem id id. Vel tempora perferendis sed molestiae cupiditate et. Rerum voluptas omnis placeat sed.', 3, '2021-04-10 13:24:38', '2021-04-10 13:24:38'),
(116, 173, 'Mac Hand', 'Tempore maxime alias sed eos consequuntur. Et et fugit sunt alias numquam praesentium aliquam tenetur.', 0, '2021-04-10 13:24:38', '2021-04-10 13:24:38'),
(117, 150, 'Eulalia Breitenberg', 'Nulla qui dolor qui mollitia cupiditate illo. Maiores omnis illum ipsum placeat dolores totam. Incidunt praesentium dolor maxime sed dolor magnam.', 5, '2021-04-10 13:24:38', '2021-04-10 13:24:38'),
(118, 99, 'Chyna Brakus', 'Esse labore commodi voluptate excepturi vitae nesciunt ullam. Pariatur nemo minima odit natus qui dolores. Molestiae aut aut vel odio suscipit sed.', 2, '2021-04-10 13:24:38', '2021-04-10 13:24:38'),
(119, 56, 'Moises Simonis', 'Recusandae et mollitia et dignissimos facere. Aut rerum voluptatum temporibus quo unde. Et ipsam exercitationem odio non. Sit porro totam eligendi voluptatem quae quae sequi. Vitae rerum earum tenetur error.', 2, '2021-04-10 13:24:38', '2021-04-10 13:24:38'),
(120, 20, 'Florencio Rohan', 'Ut consequatur consectetur illum cupiditate voluptates ullam dolores. Recusandae eum enim quod rerum occaecati recusandae. Quod provident necessitatibus at dolores dolorum est.', 2, '2021-04-10 13:24:38', '2021-04-10 13:24:38'),
(121, 77, 'Beverly Schmitt', 'Rerum dolore distinctio maiores dolores. Quia et nihil autem accusamus quia nulla modi in. Culpa voluptas eos est magnam hic rerum ullam. Ea eum voluptatum sit officia adipisci veniam autem.', 0, '2021-04-10 13:24:38', '2021-04-10 13:24:38'),
(122, 143, 'Marianne Wyman III', 'Eius animi voluptatum rerum quia veniam similique eos. Consequatur veniam quo fugiat magnam. Quia quia velit nostrum aperiam assumenda voluptatem reiciendis. Dignissimos odio suscipit dicta quas velit soluta voluptatum.', 2, '2021-04-10 13:24:38', '2021-04-10 13:24:38'),
(123, 116, 'Prof. Susana Walker', 'Eligendi ipsum aperiam sed porro. Hic placeat sit enim quae repellendus. Ut modi illum quis ut ad.', 2, '2021-04-10 13:24:38', '2021-04-10 13:24:38'),
(124, 162, 'Bret Lueilwitz', 'Sequi ratione quo expedita. Iure aut qui impedit reiciendis assumenda necessitatibus. Facilis doloribus placeat aspernatur modi rem totam.', 0, '2021-04-10 13:24:38', '2021-04-10 13:24:38'),
(125, 33, 'Erna Walter', 'Quia corrupti consequatur hic dicta dolores voluptatibus dicta. Dolore impedit perspiciatis est illo enim eius. Autem et vel dolorem voluptas consequatur eos cupiditate. Voluptatum sit nesciunt blanditiis omnis.', 1, '2021-04-10 13:24:38', '2021-04-10 13:24:38'),
(126, 6, 'Dessie Eichmann', 'Doloremque eos ut ab sit aut repellat aspernatur voluptas. Facilis officiis delectus reiciendis maxime fugiat tempore cumque. Mollitia rerum distinctio qui quae.', 2, '2021-04-10 13:24:38', '2021-04-10 13:24:38'),
(127, 25, 'Albina Denesik', 'Deserunt et in et aut quos minus. Vel nulla dolores culpa voluptatem quo aut. Recusandae dolor iste provident dolor omnis praesentium excepturi ratione. Rem quisquam facere soluta.', 5, '2021-04-10 13:24:38', '2021-04-10 13:24:38'),
(128, 35, 'Layla Runolfsdottir', 'Est consequatur in quo aut expedita voluptas nostrum quos. Aspernatur eum eos rerum voluptatem eligendi molestias. Earum nostrum ex recusandae beatae culpa. Ratione ut cum reiciendis omnis ex.', 3, '2021-04-10 13:24:38', '2021-04-10 13:24:38'),
(129, 45, 'Dr. Gilbert Shanahan', 'Dolore quaerat ut perspiciatis voluptatem. Eos non omnis explicabo ex ea. Excepturi dolor unde laboriosam earum tempore quas. Eligendi quam tenetur molestiae.', 0, '2021-04-10 13:24:38', '2021-04-10 13:24:38'),
(130, 65, 'Roel West', 'Facilis cumque voluptate nemo. Perferendis soluta ea dignissimos asperiores eveniet. Ratione ut et reprehenderit nihil earum voluptatem eaque dolore. Reiciendis blanditiis qui non non qui cupiditate dolores voluptas.', 2, '2021-04-10 13:24:38', '2021-04-10 13:24:38'),
(131, 199, 'Joanny Shields V', 'Molestiae debitis qui porro fugiat et. In distinctio praesentium sunt iste iste. Possimus error aspernatur veritatis et accusamus culpa. Possimus modi vero asperiores vero.', 0, '2021-04-10 13:24:39', '2021-04-10 13:24:39'),
(132, 123, 'Mrs. Michaela Johnson III', 'Voluptatem adipisci at sint et ad at minima. Mollitia dolorem culpa est sunt. Deserunt laboriosam sit quaerat in minima animi consequatur. Asperiores vel sed praesentium quo sunt.', 5, '2021-04-10 13:24:39', '2021-04-10 13:24:39'),
(133, 32, 'Dave Stracke II', 'Doloremque sed in numquam. Asperiores in in eos reprehenderit. Molestiae inventore vitae nemo maiores qui aliquam. Facilis neque consequatur asperiores molestias sed.', 1, '2021-04-10 13:24:39', '2021-04-10 13:24:39'),
(134, 194, 'Jewell Cruickshank', 'Magni dignissimos porro autem consequatur. Animi aut rem earum. Aut aperiam autem voluptatibus consequatur. In rerum atque vitae minus inventore quis et voluptates.', 5, '2021-04-10 13:24:39', '2021-04-10 13:24:39'),
(135, 142, 'Eriberto Mayert', 'Qui officiis quis provident consequatur ducimus tempora sint. Dolores dolores illum enim sint voluptatum repellat eaque et. Aut sed hic dignissimos exercitationem doloremque et. Consectetur sed laborum amet aut. Voluptatum aliquam inventore et nostrum.', 0, '2021-04-10 13:24:39', '2021-04-10 13:24:39'),
(136, 175, 'Prof. Gianni Keeling', 'Magnam et commodi et corrupti quia et. Eaque et saepe corporis. Rerum iusto velit facilis adipisci corrupti numquam in. Dolores quia et et laboriosam consequatur laboriosam. Ut rerum ut maxime praesentium nemo aut.', 5, '2021-04-10 13:24:39', '2021-04-10 13:24:39'),
(137, 54, 'Prof. Gerard Wintheiser', 'Nobis cum unde veritatis. Officia dolores animi nihil qui aut ipsum placeat. Facilis qui ea cupiditate temporibus et necessitatibus nam.', 4, '2021-04-10 13:24:39', '2021-04-10 13:24:39'),
(138, 24, 'Alisha Lemke', 'Ab labore aspernatur aspernatur et modi assumenda. Nostrum cumque consequatur autem mollitia non et.', 0, '2021-04-10 13:24:39', '2021-04-10 13:24:39'),
(139, 183, 'Dr. Amina Sawayn PhD', 'Aut sit velit numquam sapiente autem quis. Consequuntur inventore laborum laudantium corporis ipsa sit eos ipsum. Molestias qui libero dicta perspiciatis amet porro nulla. Quaerat sed et at explicabo molestias quam ea quo.', 3, '2021-04-10 13:24:39', '2021-04-10 13:24:39'),
(140, 106, 'Dr. Skyla Dickens Sr.', 'Aut et quae dolores nostrum unde sint consequatur quia. Error sed esse et molestias commodi nobis. Iste consequatur est ut dolores maiores quam. Veniam suscipit cupiditate quidem maxime quia ut eum.', 3, '2021-04-10 13:24:39', '2021-04-10 13:24:39'),
(141, 101, 'Gregg Crooks', 'Voluptatem ab est molestiae tempora repellendus provident dolorum. Corporis deserunt autem quasi sint voluptas. Voluptatem reiciendis dolor nesciunt quas et.', 0, '2021-04-10 13:24:39', '2021-04-10 13:24:39'),
(142, 13, 'Sam Halvorson', 'Qui et ut facere autem soluta vel. Et est aut corporis eaque fugit. At tempore natus omnis. Omnis eveniet est fugit voluptatum placeat.', 1, '2021-04-10 13:24:39', '2021-04-10 13:24:39'),
(143, 148, 'Damaris Davis', 'Mollitia rerum dolores ut perferendis qui qui. Ea distinctio aut maxime aut dolores corrupti molestiae. Molestiae explicabo et quibusdam maiores beatae. Voluptates et deleniti aut eos inventore.', 4, '2021-04-10 13:24:39', '2021-04-10 13:24:39'),
(144, 148, 'Fleta Marquardt', 'Omnis laborum enim et sit. Dolore officiis magni quae rem. At quos beatae voluptatem eum quam.', 2, '2021-04-10 13:24:39', '2021-04-10 13:24:39'),
(145, 111, 'Victoria Toy', 'Incidunt ad officiis perferendis molestias qui eos. Impedit nam harum doloremque voluptates voluptate voluptatem. Culpa consequatur nihil qui. Labore ipsam quisquam dolores. Sunt excepturi quis harum quisquam officiis.', 5, '2021-04-10 13:24:39', '2021-04-10 13:24:39'),
(146, 141, 'Darron Pouros Jr.', 'Sequi et quibusdam laboriosam rerum. Voluptas non eius mollitia numquam. Et sed aut iure inventore omnis quia.', 5, '2021-04-10 13:24:39', '2021-04-10 13:24:39'),
(147, 6, 'Ottilie Walter', 'Deleniti ipsum ipsa tempore mollitia placeat similique. Quae aut quas magni quis. Laboriosam distinctio voluptatem ullam assumenda eum. Ipsa rerum eum mollitia optio nostrum consectetur iure.', 2, '2021-04-10 13:24:39', '2021-04-10 13:24:39'),
(148, 125, 'Mr. Sanford Nicolas', 'Sint qui aspernatur nesciunt rerum quis. Doloribus sapiente consequatur occaecati porro molestiae deserunt. Et officiis quasi velit non nostrum omnis voluptates alias.', 5, '2021-04-10 13:24:39', '2021-04-10 13:24:39'),
(149, 177, 'Jeff Nader', 'Sunt voluptas qui necessitatibus vel. Iste quo in consequuntur cumque earum in. Eos repellat sunt eum aperiam ducimus eligendi.', 1, '2021-04-10 13:24:39', '2021-04-10 13:24:39'),
(150, 88, 'Brandy Satterfield', 'Consequuntur excepturi iste exercitationem sequi qui id. Minus enim deserunt incidunt id veritatis minima saepe. Quaerat debitis iste possimus quaerat voluptas. Beatae reiciendis provident ut quaerat magni.', 2, '2021-04-10 13:24:39', '2021-04-10 13:24:39'),
(151, 165, 'Jalyn Swift', 'Illo velit eos ut inventore error. Recusandae eius ut at autem quibusdam. Aliquam eligendi laboriosam deserunt.', 0, '2021-04-10 13:24:39', '2021-04-10 13:24:39'),
(152, 189, 'Joyce McCullough', 'Facilis qui et libero necessitatibus hic repellendus quasi totam. Molestiae cupiditate doloribus necessitatibus est at atque. Nulla distinctio consequuntur ut totam. Eos aperiam velit nisi velit accusamus omnis iste.', 1, '2021-04-10 13:24:40', '2021-04-10 13:24:40'),
(153, 189, 'Ms. Graciela Halvorson I', 'At vel quo et non aliquam provident non. Cupiditate qui qui voluptates animi dolorum sed ipsum.', 0, '2021-04-10 13:24:40', '2021-04-10 13:24:40'),
(154, 114, 'Prof. Karley Lebsack', 'Suscipit et quae velit. Officiis praesentium reiciendis maxime asperiores blanditiis officiis non accusamus. Quia nihil iste suscipit sunt porro. Ex eveniet minus et.', 4, '2021-04-10 13:24:40', '2021-04-10 13:24:40'),
(155, 1, 'Daphney Kris DDS', 'Itaque similique eum labore omnis. Sapiente est qui tenetur quis. Nulla nihil et exercitationem voluptatem illo molestias qui.', 2, '2021-04-10 13:24:40', '2021-04-10 13:24:40'),
(156, 167, 'Otis Gaylord', 'Laboriosam nemo sit sit qui suscipit. Quod rerum ullam sint nisi. Vel et iusto dolorem.', 2, '2021-04-10 13:24:40', '2021-04-10 13:24:40'),
(157, 90, 'Mrs. Reta Hauck', 'Dolorem voluptatibus nulla ullam harum. Perspiciatis et magni eaque reiciendis hic. Ab ea sed facere error.', 0, '2021-04-10 13:24:40', '2021-04-10 13:24:40'),
(158, 11, 'Mr. Ladarius Green Sr.', 'Fugiat soluta in quia. Non nihil pariatur deserunt omnis est adipisci.', 4, '2021-04-10 13:24:40', '2021-04-10 13:24:40'),
(159, 37, 'Triston Koelpin', 'Voluptatem amet itaque quae. Voluptas voluptatibus vero soluta ut velit labore et. Similique beatae esse cumque placeat vel aperiam ad.', 0, '2021-04-10 13:24:40', '2021-04-10 13:24:40'),
(160, 123, 'Providenci Toy', 'Ab libero ut qui reiciendis ullam. Sit beatae vel delectus. Iste eum sint reiciendis id. Voluptatem totam est consequatur.', 0, '2021-04-10 13:24:40', '2021-04-10 13:24:40'),
(161, 176, 'Prof. Marcel Mante II', 'Sit consectetur dolores sint quaerat reiciendis rerum quae. Eum quas et ea enim dolor. Sed facilis maiores neque.', 2, '2021-04-10 13:24:40', '2021-04-10 13:24:40'),
(162, 82, 'Ms. Marquise Greenholt MD', 'In id ut facilis qui consequatur pariatur porro. Dolore minus culpa saepe deleniti ea sed hic. Ut vitae repellat consequatur non saepe sequi porro.', 0, '2021-04-10 13:24:40', '2021-04-10 13:24:40'),
(163, 122, 'Joseph Hane', 'Suscipit qui dolor qui qui quisquam tenetur eius. Ab quis quia dicta voluptas corrupti quaerat. Modi qui ea nihil repellat. Eveniet deserunt inventore quia perspiciatis error dignissimos.', 4, '2021-04-10 13:24:40', '2021-04-10 13:24:40'),
(164, 82, 'Vida Murphy', 'Maxime aut aut culpa tenetur. Nostrum odit nisi velit consequatur sunt. Et eius provident id quod non voluptatem quia. Voluptatem hic et et dignissimos laudantium voluptas sint.', 1, '2021-04-10 13:24:40', '2021-04-10 13:24:40'),
(165, 118, 'Unique Yost', 'Qui doloribus tempore quis ducimus dolorem. Qui maxime numquam suscipit aut ex labore accusamus. Sed et cupiditate doloribus quaerat aut deleniti.', 4, '2021-04-10 13:24:40', '2021-04-10 13:24:40'),
(166, 47, 'Dr. Buster Berge', 'Deserunt expedita rerum et. Et necessitatibus quo in cupiditate temporibus. Rerum unde similique quia tenetur. Deleniti porro ipsa ipsum sapiente in.', 5, '2021-04-10 13:24:40', '2021-04-10 13:24:40'),
(167, 167, 'Laron Turner PhD', 'Eos debitis enim labore voluptatum quia veniam. Tempore quidem consequuntur dolores assumenda.', 2, '2021-04-10 13:24:40', '2021-04-10 13:24:40'),
(168, 50, 'Miss Dolores Robel DDS', 'Culpa sit dolor sint ex sed nisi corporis. Dolor illum ut quidem molestiae eveniet non. Aperiam dolores non qui aut architecto voluptatibus.', 0, '2021-04-10 13:24:40', '2021-04-10 13:24:40'),
(169, 97, 'Dr. Mona Jaskolski DVM', 'Sequi mollitia voluptatibus illum accusamus. Adipisci eveniet fugiat earum id qui incidunt est. Libero quas qui quos magni enim quia cumque. Qui quibusdam ut iste voluptas vel.', 4, '2021-04-10 13:24:40', '2021-04-10 13:24:40'),
(170, 10, 'Beverly Rippin DDS', 'In explicabo pariatur ducimus rerum tempora sapiente. Sapiente in incidunt eum cupiditate. Facilis sit at accusamus ut dolorem. Eius odit totam aut natus.', 3, '2021-04-10 13:24:40', '2021-04-10 13:24:40'),
(171, 71, 'Jazmin Kemmer', 'Voluptas cumque non aut. Illo qui inventore cum accusamus. Eligendi sint perspiciatis voluptatum optio voluptatem culpa rerum.', 0, '2021-04-10 13:24:40', '2021-04-10 13:24:40'),
(172, 140, 'Felix Smitham', 'Illum consectetur non nulla. Cumque sint ipsa libero nisi et. Doloribus omnis iusto consequatur similique sit delectus quia possimus. Assumenda et ut aut quos voluptas dicta aspernatur.', 4, '2021-04-10 13:24:40', '2021-04-10 13:24:40'),
(173, 24, 'Jaunita Kirlin', 'Soluta eligendi nisi minus non sit laborum. Sit porro animi non. Dicta similique similique odit laudantium impedit. Ab nihil placeat deleniti dolorem maxime quaerat.', 1, '2021-04-10 13:24:40', '2021-04-10 13:24:40'),
(174, 154, 'Dr. Granville D\'Amore II', 'Vitae et in optio. Qui odio et et praesentium exercitationem et adipisci quisquam.', 1, '2021-04-10 13:24:40', '2021-04-10 13:24:40'),
(175, 9, 'Prof. Alvina Schowalter V', 'Cum saepe dolorem magnam quis. Modi omnis consequatur ut culpa maxime veniam. Vitae magnam voluptatem nisi itaque soluta earum.', 0, '2021-04-10 13:24:40', '2021-04-10 13:24:40'),
(176, 47, 'Maynard Borer', 'Deserunt est voluptatem occaecati ipsam. Eveniet dolorum nesciunt voluptatem iure aperiam deserunt est. Soluta est quibusdam quisquam aliquam quos aspernatur. Culpa neque earum enim numquam nobis quibusdam. Molestiae dolores earum eos eius eligendi neque sapiente nostrum.', 4, '2021-04-10 13:24:41', '2021-04-10 13:24:41'),
(177, 2, 'Eugene Haley Sr.', 'Ea optio aspernatur impedit consequatur incidunt quia. Quam vero aspernatur reiciendis. Dignissimos ea dolor autem non.', 4, '2021-04-10 13:24:41', '2021-04-10 13:24:41'),
(178, 138, 'Winona Christiansen', 'Commodi id omnis qui fuga non modi ut. Ut iure deserunt repellat nam est quidem iste accusamus. Eveniet repellat quam impedit tempora soluta quos dolorem. Non tenetur inventore quia saepe nihil velit et.', 0, '2021-04-10 13:24:41', '2021-04-10 13:24:41'),
(179, 70, 'Jaylon Sipes', 'Quas sit in quasi quidem dolores error ea. Quia nobis quaerat in aliquam. Aperiam earum expedita dolor aliquid. Praesentium debitis et molestiae et iusto occaecati optio.', 2, '2021-04-10 13:24:41', '2021-04-10 13:24:41'),
(180, 177, 'Marshall Wintheiser IV', 'Est sed eveniet nesciunt in. Ipsum praesentium cum ratione et. Totam asperiores molestias sed consequatur eum. Neque optio voluptas laudantium esse repudiandae.', 2, '2021-04-10 13:24:41', '2021-04-10 13:24:41'),
(181, 149, 'Ms. Mittie Predovic IV', 'Dolore distinctio vel enim excepturi saepe. Sapiente ratione nostrum nihil ab et. Et sed magni quibusdam cum illo modi fugit. Excepturi provident ab consequuntur voluptatem deleniti. Ad accusamus modi at.', 3, '2021-04-10 13:24:41', '2021-04-10 13:24:41'),
(182, 44, 'Darby Okuneva', 'Quis officia reprehenderit porro numquam ad. Et sunt quia accusantium nihil. In temporibus et et eos.', 1, '2021-04-10 13:24:41', '2021-04-10 13:24:41'),
(183, 152, 'Viviane Rolfson', 'Autem sit est non qui iure et. Vel sunt ut nostrum et et reiciendis placeat. Qui voluptatem voluptatem ut molestiae.', 0, '2021-04-10 13:24:42', '2021-04-10 13:24:42'),
(184, 133, 'Dale Maggio', 'Vitae id cumque iste autem. Architecto quidem quos quaerat inventore repellat ratione ut. Ut hic iusto nulla animi accusamus dolorum. Atque nesciunt voluptas soluta tenetur aut aliquid.', 5, '2021-04-10 13:24:42', '2021-04-10 13:24:42'),
(185, 176, 'Lazaro Kautzer I', 'Facilis sit perspiciatis nam quis ipsum praesentium qui. Facere natus beatae veritatis neque. At ut quia expedita.', 1, '2021-04-10 13:24:42', '2021-04-10 13:24:42'),
(186, 55, 'Eugene Greenfelder DDS', 'Omnis sapiente vero quia ea laboriosam. Quod assumenda est at est deleniti id ullam. Voluptates tempora in placeat sint ducimus.', 3, '2021-04-10 13:24:42', '2021-04-10 13:24:42'),
(187, 76, 'Javier Weissnat', 'Facere ut aut voluptates dolor qui nisi quia. Ducimus quia maxime quia enim voluptatem. Ea nesciunt cum sed.', 0, '2021-04-10 13:24:42', '2021-04-10 13:24:42'),
(188, 131, 'Edythe Senger', 'Qui magni ut et. Sed eligendi eos molestiae. Facere delectus ut sint rerum.', 2, '2021-04-10 13:24:42', '2021-04-10 13:24:42'),
(189, 109, 'Gracie Harber', 'Similique aliquid magni esse quidem enim. Fuga magni asperiores nesciunt error quam. Sed occaecati ratione rem et.', 2, '2021-04-10 13:24:42', '2021-04-10 13:24:42'),
(190, 26, 'Mr. Percival Funk Jr.', 'Reprehenderit autem eum quaerat quis itaque deleniti magnam. Vel quo qui sit iste expedita. Voluptatum veritatis nam in quidem sunt maxime architecto. Quos libero vitae rerum repudiandae sequi eos qui. Vel eos itaque voluptas ipsam odit facilis explicabo.', 3, '2021-04-10 13:24:42', '2021-04-10 13:24:42'),
(191, 39, 'Emilio Heidenreich', 'Numquam rerum non fugiat sunt odio assumenda aut. Voluptatem ad natus officia molestiae quibusdam. Fugit distinctio doloremque similique dolor aut ut ea ea.', 4, '2021-04-10 13:24:42', '2021-04-10 13:24:42'),
(192, 98, 'Imogene Aufderhar', 'Explicabo deserunt sequi quo repellendus. Quo error id asperiores vero qui nisi.', 0, '2021-04-10 13:24:43', '2021-04-10 13:24:43'),
(193, 126, 'Prof. Chance Jenkins DVM', 'In voluptas eum facere delectus. Ducimus molestiae totam quia cumque omnis. Enim magni veritatis voluptas adipisci.', 5, '2021-04-10 13:24:43', '2021-04-10 13:24:43'),
(194, 128, 'Ilene Huel', 'Omnis odio iste officiis quaerat. Eaque omnis vero nulla repudiandae eveniet.', 3, '2021-04-10 13:24:43', '2021-04-10 13:24:43'),
(195, 52, 'Linda Monahan', 'Similique iusto quidem facilis incidunt non necessitatibus ut. Hic quo quasi quibusdam voluptatibus rem omnis. Rerum ipsa ratione sint quam natus in.', 3, '2021-04-10 13:24:43', '2021-04-10 13:24:43'),
(196, 188, 'Dr. Nyah Ruecker', 'Voluptates maiores et aut earum veniam eos. Aut consequatur ex aut quis esse et.', 5, '2021-04-10 13:24:43', '2021-04-10 13:24:43'),
(197, 150, 'Dr. Hilario Buckridge', 'Repellat voluptas sit officiis iste ut sed. Quis recusandae possimus sunt debitis animi. Delectus aut minus et cumque sint libero.', 1, '2021-04-10 13:24:43', '2021-04-10 13:24:43'),
(198, 47, 'Nya Thompson', 'Et id est illum aut ducimus molestiae ut. Consequuntur explicabo laboriosam rerum accusantium asperiores totam laudantium. Aut dolorem incidunt asperiores. Cumque occaecati nesciunt sequi quia aut impedit.', 1, '2021-04-10 13:24:43', '2021-04-10 13:24:43'),
(199, 61, 'Camilla Lueilwitz PhD', 'Omnis expedita iure unde reprehenderit dignissimos. Voluptas illo magnam id nostrum sed. Odit et voluptatem accusamus culpa. Odio sunt consequuntur asperiores et. Minima repellat qui ipsum quis minus nemo rem.', 0, '2021-04-10 13:24:43', '2021-04-10 13:24:43'),
(200, 23, 'Luz Gleichner', 'Optio fugit molestiae autem id qui. Voluptatem similique impedit voluptate quibusdam aut aut sint. Molestias nobis ut iste unde. Quo nesciunt omnis sint sit possimus.', 1, '2021-04-10 13:24:43', '2021-04-10 13:24:43'),
(201, 100, 'Prof. Viviane Anderson PhD', 'Voluptate dolorem molestiae atque. Omnis nihil quis provident laborum laborum qui. Voluptatem et in odit asperiores. Corrupti nostrum nesciunt nobis incidunt recusandae tempore enim. Nihil ut quod ex aut vel est voluptates.', 5, '2021-04-10 13:24:43', '2021-04-10 13:24:43'),
(202, 140, 'Tatyana Reynolds', 'Quia non quis perspiciatis accusantium rerum. Culpa dolores incidunt ipsam itaque eos unde. Saepe cumque consequatur sed consequatur. Architecto soluta enim non eos aut.', 2, '2021-04-10 13:24:43', '2021-04-10 13:24:43'),
(203, 25, 'Prof. Elaina Rohan Jr.', 'Aspernatur error dolorem possimus beatae consectetur. Et sed necessitatibus voluptatum nostrum voluptatem vero sint. Excepturi asperiores ut saepe dolores ut in magni.', 4, '2021-04-10 13:24:43', '2021-04-10 13:24:43'),
(204, 22, 'Prof. Prudence McLaughlin', 'Amet asperiores tempora dicta inventore ullam voluptatem illo. Fuga placeat iure consequuntur. Et distinctio molestiae velit nesciunt quisquam placeat.', 2, '2021-04-10 13:24:43', '2021-04-10 13:24:43'),
(205, 132, 'Icie Dickinson DVM', 'Sint eligendi ut dolorum maiores quia. Laborum totam cupiditate sit debitis quo. Facere aliquam molestiae nostrum cum provident. Reiciendis modi aut eveniet explicabo.', 5, '2021-04-10 13:24:43', '2021-04-10 13:24:43'),
(206, 75, 'Ms. Samanta Koss V', 'Doloremque corrupti repellat facere illo. Sint ut vel vero quo eum. Ut labore quasi nulla perferendis labore et corporis.', 1, '2021-04-10 13:24:43', '2021-04-10 13:24:43'),
(207, 164, 'Jamir Jones', 'Architecto quae consequatur earum excepturi. Placeat accusantium recusandae temporibus aliquam. Laudantium mollitia mollitia eum id reprehenderit impedit delectus.', 4, '2021-04-10 13:24:43', '2021-04-10 13:24:43'),
(208, 162, 'Dariana McCullough', 'Cum consequatur neque quis similique. Qui quo blanditiis debitis corporis. Et dolores et aut quisquam.', 0, '2021-04-10 13:24:43', '2021-04-10 13:24:43'),
(209, 178, 'Prof. Kade Ferry', 'Non cupiditate et nemo vero. Nulla suscipit deserunt qui a rerum porro ab. Iusto nobis doloremque deleniti qui veritatis quasi quod. Dolorem omnis suscipit iure.', 5, '2021-04-10 13:24:43', '2021-04-10 13:24:43'),
(210, 71, 'Sim Mills', 'Rerum sed qui aut magnam repudiandae nam commodi et. Possimus quia et nulla aut et veniam ab ipsum. Maxime tempore occaecati ullam voluptate rerum eum. Explicabo placeat dolorem nam esse a.', 1, '2021-04-10 13:24:43', '2021-04-10 13:24:43');
INSERT INTO `reviews` (`id`, `product_id`, `customer`, `review`, `star`, `created_at`, `updated_at`) VALUES
(211, 82, 'Prof. Misael Shanahan', 'Dicta eos nobis alias neque commodi et blanditiis. Dolores perferendis omnis voluptatem error. Minus magni maiores ea illum ut et quo ea.', 0, '2021-04-10 13:24:43', '2021-04-10 13:24:43'),
(212, 134, 'Eldora Leannon', 'Asperiores non non in aut velit aspernatur. Culpa minima asperiores beatae sed ut repellat ut. Animi soluta minima molestiae ea.', 2, '2021-04-10 13:24:43', '2021-04-10 13:24:43'),
(213, 2, 'Godfrey Bosco', 'Consequatur placeat fugiat et officiis sed dolores eum molestiae. Rerum id iusto fugit voluptatibus eum. Distinctio rerum ut fugit modi. Repellendus in delectus a dolorem maiores esse quo.', 4, '2021-04-10 13:24:43', '2021-04-10 13:24:43'),
(214, 26, 'Lionel Kovacek', 'Inventore veritatis sequi nobis. Et nemo eos enim laborum. Aperiam debitis qui sed. Voluptas non quia debitis deserunt distinctio aut eveniet.', 0, '2021-04-10 13:24:43', '2021-04-10 13:24:43'),
(215, 157, 'Drew Huel', 'Mollitia aut nihil pariatur eius et fuga ut. Fuga est est aut. Veniam repudiandae delectus illo excepturi voluptas et et. Dolores aliquid iure corrupti voluptas placeat laboriosam ipsam.', 1, '2021-04-10 13:24:44', '2021-04-10 13:24:44'),
(216, 45, 'Miss Katlynn Gorczany', 'Ducimus incidunt laboriosam dolores voluptatem. Omnis ut assumenda voluptate aut numquam fugit.', 1, '2021-04-10 13:24:44', '2021-04-10 13:24:44'),
(217, 10, 'Miss Valentine Hahn', 'Cupiditate adipisci nesciunt blanditiis eveniet ad cupiditate. Qui inventore ipsa iusto nulla. Ducimus sit veritatis alias similique praesentium et ea sequi. Debitis atque similique quidem consequuntur.', 1, '2021-04-10 13:24:44', '2021-04-10 13:24:44'),
(218, 39, 'Maude Kertzmann', 'Deleniti qui neque id ut quasi. Fuga sint nihil nam explicabo. Facere ad dolores occaecati odit. Libero labore blanditiis ut illum et.', 2, '2021-04-10 13:24:44', '2021-04-10 13:24:44'),
(219, 198, 'Jorge Steuber', 'Rerum dolore atque et odio cum ut. Et eveniet minus debitis nihil omnis molestiae nisi sit. Deleniti eius quidem animi dicta aperiam. Eum et velit odio optio nemo aperiam.', 4, '2021-04-10 13:24:44', '2021-04-10 13:24:44'),
(220, 173, 'Mikayla Ziemann I', 'Rem magnam ut et incidunt quis quod expedita. Similique odio ullam dolorem et deleniti libero. Sed veniam deleniti reprehenderit necessitatibus quibusdam rerum.', 0, '2021-04-10 13:24:44', '2021-04-10 13:24:44'),
(221, 146, 'Margarita Sauer III', 'Beatae omnis impedit et excepturi dolores sed omnis itaque. Minima possimus delectus animi porro blanditiis dolorem nisi reiciendis. Incidunt id totam veritatis iusto. Repudiandae accusantium explicabo maxime veniam non et.', 5, '2021-04-10 13:24:44', '2021-04-10 13:24:44'),
(222, 194, 'Jacinthe West', 'Incidunt facere delectus enim officia. Ut cum aut quaerat facere. Incidunt ut omnis sequi quod occaecati eveniet magnam.', 2, '2021-04-10 13:24:44', '2021-04-10 13:24:44'),
(223, 13, 'Stephon Rau', 'Delectus illum animi nesciunt est. Et aperiam voluptate est voluptates. Alias sit voluptas quasi dolorem qui. Magni reiciendis necessitatibus sit qui.', 2, '2021-04-10 13:24:44', '2021-04-10 13:24:44'),
(224, 134, 'Prof. Bernardo Carroll', 'Qui molestiae vero qui sed eos voluptas. Omnis minus est ad accusantium. Aspernatur nam nostrum veritatis perferendis illo cum rerum velit. In esse qui quod magnam velit eaque.', 5, '2021-04-10 13:24:44', '2021-04-10 13:24:44'),
(225, 85, 'Audreanne Keeling', 'Nisi eos beatae nihil velit qui perferendis. Corporis id ad ratione omnis minima odio. Deserunt ducimus qui minima est ducimus reiciendis. Possimus unde odit ipsam voluptatem et magni.', 2, '2021-04-10 13:24:44', '2021-04-10 13:24:44'),
(226, 167, 'Herman Kemmer', 'Impedit nostrum reprehenderit et consequatur et quasi dolores. Sunt ipsa sed id est. Quibusdam eveniet atque est et ipsam eos. Numquam quia accusantium qui sint sit dolore porro.', 0, '2021-04-10 13:24:44', '2021-04-10 13:24:44'),
(227, 153, 'Alexandrea McKenzie', 'Hic voluptas reprehenderit quo aliquam illo debitis. Eum dicta assumenda doloribus. Corporis sed reprehenderit est beatae.', 3, '2021-04-10 13:24:44', '2021-04-10 13:24:44'),
(228, 104, 'Novella O\'Hara DDS', 'Id ut vel accusamus quasi aut accusantium accusamus. Est officia quaerat dolorem est mollitia et aut.', 2, '2021-04-10 13:24:44', '2021-04-10 13:24:44'),
(229, 117, 'Karelle Barrows', 'Quo qui beatae culpa laudantium placeat. Qui hic numquam ducimus molestiae sunt. Voluptatem aut et dolore rem ullam facere.', 4, '2021-04-10 13:24:44', '2021-04-10 13:24:44'),
(230, 145, 'Miss Valentine Ortiz I', 'Repellendus adipisci enim et ut ut est qui. Corrupti mollitia quia doloribus voluptatum. Inventore cum et earum eius molestiae ullam modi architecto.', 3, '2021-04-10 13:24:44', '2021-04-10 13:24:44'),
(231, 41, 'Jackson Cormier', 'Similique placeat laudantium debitis est. Commodi alias quia ullam praesentium. Delectus ipsam sed atque. Sed aut aut vel architecto consequuntur id.', 1, '2021-04-10 13:24:44', '2021-04-10 13:24:44'),
(232, 50, 'Cordelia Anderson', 'Repellat ut ut delectus minus dolore tempora architecto. Atque ut voluptatem distinctio. Veritatis perferendis culpa cupiditate rem. Iste molestias beatae enim eos quam nobis. Ipsa asperiores voluptates quidem adipisci tempora omnis reprehenderit.', 0, '2021-04-10 13:24:44', '2021-04-10 13:24:44'),
(233, 58, 'Mr. Jayme Leuschke', 'Dolore quae rerum vitae vel. Vel est accusamus dolorum alias consequuntur sunt mollitia. Voluptatum et rem modi accusamus iste qui. Dolores quia illo vel sunt optio quibusdam. Delectus eum vel non inventore voluptatibus eos.', 0, '2021-04-10 13:24:44', '2021-04-10 13:24:44'),
(234, 168, 'Miss Joanne Wilkinson', 'Sit dignissimos blanditiis eligendi quod fugit. Voluptatum et odio laborum ut et modi culpa. Laboriosam aut dolorem beatae iste.', 2, '2021-04-10 13:24:44', '2021-04-10 13:24:44'),
(235, 56, 'Deshaun Wisoky', 'Aut autem eligendi omnis deserunt dolores laudantium consequuntur. Iste nemo modi iusto cumque maxime sit rerum. Aspernatur exercitationem dignissimos atque dolorem praesentium nisi. Nisi magni distinctio sit illo et.', 5, '2021-04-10 13:24:45', '2021-04-10 13:24:45'),
(236, 126, 'Prof. Damien Beier', 'Labore velit velit voluptate facere consequuntur vel. Et provident harum sit architecto. Perferendis porro aspernatur nihil quia exercitationem. Et distinctio recusandae nobis adipisci sed. Modi aspernatur similique cum aut ratione.', 2, '2021-04-10 13:24:45', '2021-04-10 13:24:45'),
(237, 25, 'Ernestine Kilback', 'At laboriosam accusantium consequuntur saepe doloribus. Voluptas fugit error ipsam sit. Totam hic voluptatem dolorem inventore laudantium aperiam molestiae. Et cum error voluptas ad enim reprehenderit accusamus.', 4, '2021-04-10 13:24:45', '2021-04-10 13:24:45'),
(238, 106, 'Durward Wiza', 'Voluptatibus qui facilis voluptatem. Dolorem molestiae quia aut illum nesciunt. Suscipit enim accusamus autem corporis.', 4, '2021-04-10 13:24:45', '2021-04-10 13:24:45'),
(239, 135, 'Mr. Barney Hill', 'Dolorem non aut consequatur. Sed dolore et ratione odio consequuntur est quia. Excepturi ut voluptatum sapiente voluptatem corrupti illo. Illum ipsa quo reprehenderit similique similique.', 0, '2021-04-10 13:24:45', '2021-04-10 13:24:45'),
(240, 140, 'Dr. Zetta Heathcote II', 'Quasi est voluptatem blanditiis nesciunt. Error pariatur porro sapiente eius recusandae voluptatum. Rerum aut amet ut voluptatem hic.', 3, '2021-04-10 13:24:45', '2021-04-10 13:24:45'),
(241, 32, 'Jessyca Gerhold', 'Consectetur vel error odio necessitatibus velit occaecati molestias. Vel pariatur sed sit sunt amet. Ullam necessitatibus necessitatibus qui eaque sapiente magnam. Dicta facilis quis omnis magni eveniet ut.', 4, '2021-04-10 13:24:45', '2021-04-10 13:24:45'),
(242, 110, 'Ms. Cayla Corkery PhD', 'Consequatur corrupti dolorum aperiam sed ex consequatur eos. Sequi maxime ex fuga quas veniam beatae non. Et vero aperiam soluta velit.', 4, '2021-04-10 13:24:45', '2021-04-10 13:24:45'),
(243, 199, 'Ms. Beryl Gislason', 'Rerum porro animi quod. Beatae ullam velit quia saepe qui nisi consequuntur quis. Dicta excepturi omnis vero corporis fugiat. Dolorem accusamus explicabo tempora animi amet ut.', 4, '2021-04-10 13:24:45', '2021-04-10 13:24:45'),
(244, 187, 'Freeman Metz', 'Non cumque deserunt et qui atque assumenda saepe. Officiis blanditiis molestiae a deserunt harum maxime. Blanditiis iure quia unde natus. Fugiat laboriosam qui consequatur tempora occaecati iste ut modi.', 0, '2021-04-10 13:24:45', '2021-04-10 13:24:45'),
(245, 20, 'Miss Tamara Farrell DDS', 'Sit eum illo distinctio dolorum non exercitationem. Illo saepe non reprehenderit eos repellendus.', 3, '2021-04-10 13:24:45', '2021-04-10 13:24:45'),
(246, 92, 'Dr. Adrain Willms II', 'Illo ratione facere architecto autem autem et. Et ad et quos ipsam non modi.', 3, '2021-04-10 13:24:45', '2021-04-10 13:24:45'),
(247, 195, 'Dr. Shaylee Hauck DVM', 'Recusandae facilis ut sit ipsa quisquam. Quisquam laboriosam maiores molestiae omnis ipsum. Dolorem delectus veniam et dolorem ipsa commodi.', 1, '2021-04-10 13:24:45', '2021-04-10 13:24:45'),
(248, 168, 'Heber Beahan', 'Sed praesentium voluptatibus dolores exercitationem officiis. Perspiciatis nemo quia eveniet et laboriosam at debitis. Nulla neque sit itaque reiciendis. Corporis corrupti et id mollitia in quia sit.', 4, '2021-04-10 13:24:45', '2021-04-10 13:24:45'),
(249, 19, 'Eleanora Olson', 'Facere tenetur id facilis et repellendus. Optio quos nemo neque neque ab. Commodi molestias rerum deleniti nihil. Dolores commodi et rerum optio.', 4, '2021-04-10 13:24:45', '2021-04-10 13:24:45'),
(250, 4, 'Mrs. Aryanna Abernathy MD', 'Occaecati dolore beatae maiores tenetur neque maxime quod. Ipsum quis expedita minus amet dolor laboriosam inventore. Totam illum nostrum magnam ad. Ipsa et laborum voluptatem atque.', 3, '2021-04-10 13:24:45', '2021-04-10 13:24:45'),
(251, 62, 'Celia Schiller Jr.', 'Numquam amet consectetur occaecati optio corrupti. Omnis aspernatur at molestias facilis sit quo.', 3, '2021-04-10 13:24:45', '2021-04-10 13:24:45'),
(252, 76, 'Aliya Klocko', 'Fugiat unde animi neque optio rerum. Voluptate reprehenderit rerum a ut voluptas. Eligendi eaque sint commodi. Debitis optio aut magnam repellat sequi est debitis.', 4, '2021-04-10 13:24:45', '2021-04-10 13:24:45'),
(253, 84, 'Koby Schroeder', 'Quia facilis autem tempora quisquam. Quae sunt voluptas tempora ad est. Perspiciatis temporibus consequatur sit nam odio esse est.', 2, '2021-04-10 13:24:45', '2021-04-10 13:24:45'),
(254, 67, 'Prof. Eino Schultz', 'Occaecati mollitia doloribus recusandae ullam perspiciatis dolorem vitae. Aperiam possimus consequuntur omnis recusandae qui tenetur doloribus. Et corrupti eius molestiae cum esse. Accusamus voluptatibus vitae sequi occaecati voluptatem accusantium sint.', 5, '2021-04-10 13:24:45', '2021-04-10 13:24:45'),
(255, 127, 'Rey Lang', 'Molestias magnam placeat soluta quia. Molestiae error ipsam vero beatae repellat voluptate voluptatem. Alias ut iure tempora dicta. Totam aperiam sunt labore pariatur deleniti quo.', 0, '2021-04-10 13:24:45', '2021-04-10 13:24:45'),
(256, 47, 'Ceasar Koch', 'Laboriosam sint rem harum corporis mollitia corporis quaerat modi. Aut sunt asperiores omnis dicta hic aperiam. Inventore magni pariatur voluptatem aperiam sapiente. Quia eos est accusamus deserunt est.', 2, '2021-04-10 13:24:45', '2021-04-10 13:24:45'),
(257, 7, 'Neal Schmidt', 'Quis laboriosam et rerum aut. Hic temporibus id asperiores quia. Amet tenetur quas dolores voluptatem provident numquam.', 5, '2021-04-10 13:24:45', '2021-04-10 13:24:45'),
(258, 166, 'Orrin Gerlach', 'Placeat libero odit sint iusto. Fuga deserunt cupiditate laudantium sed nesciunt molestiae. Totam mollitia officia eveniet recusandae.', 4, '2021-04-10 13:24:45', '2021-04-10 13:24:45'),
(259, 146, 'Ms. Patricia Kreiger I', 'Perspiciatis quam dolorum cupiditate sit hic et. Itaque mollitia dignissimos nisi unde commodi. Facilis et dignissimos quidem ut fugiat et. Nisi ullam ipsum reprehenderit aut ratione ut optio.', 4, '2021-04-10 13:24:45', '2021-04-10 13:24:45'),
(260, 125, 'Prof. Matt Lesch', 'Itaque officiis perspiciatis odio autem voluptatum odio. Deleniti odio molestias saepe dicta nisi quod. Consequatur eum autem vel explicabo nemo in. Doloribus sequi est voluptatem illum.', 2, '2021-04-10 13:24:45', '2021-04-10 13:24:45'),
(261, 153, 'Wyman Anderson IV', 'Soluta impedit magnam quod architecto non. Vel voluptas repudiandae impedit ullam. Harum perferendis exercitationem autem sunt vero. Natus et suscipit accusamus rem.', 3, '2021-04-10 13:24:45', '2021-04-10 13:24:45'),
(262, 63, 'Estevan Gutmann', 'Inventore delectus eius aut quo quia a. Eum in culpa ut reprehenderit a corporis perferendis. Nam ut distinctio optio tenetur. Temporibus quod et sint possimus natus officiis itaque.', 5, '2021-04-10 13:24:45', '2021-04-10 13:24:45'),
(263, 27, 'Haylie Wisozk III', 'Ipsa natus ea sed ab veniam hic. Laboriosam numquam et fugit at inventore voluptas quia.', 3, '2021-04-10 13:24:46', '2021-04-10 13:24:46'),
(264, 179, 'Phoebe Osinski', 'Beatae maiores corrupti est corrupti itaque animi. Iste animi ut autem veniam. Esse reiciendis omnis vero iusto necessitatibus. Molestiae sint sunt eos minima quasi magnam impedit.', 2, '2021-04-10 13:24:46', '2021-04-10 13:24:46'),
(265, 75, 'Willow Kemmer', 'Assumenda libero praesentium ut quia. Ratione inventore distinctio officiis nihil suscipit harum sapiente. Doloribus officia eum sunt omnis voluptatem architecto quam. Tempora numquam excepturi quo eum.', 0, '2021-04-10 13:24:46', '2021-04-10 13:24:46'),
(266, 172, 'Mr. Hank Wyman', 'Error ab fugit ex. Sint minus aperiam reiciendis accusamus id. Deserunt repellat enim iure eveniet. Aperiam voluptatem corrupti explicabo eos.', 0, '2021-04-10 13:24:46', '2021-04-10 13:24:46'),
(267, 9, 'Era Kling', 'Nulla vel corrupti vero non. Commodi porro qui ad ut eligendi magnam. Soluta amet et reprehenderit.', 1, '2021-04-10 13:24:46', '2021-04-10 13:24:46'),
(268, 95, 'Queenie Flatley III', 'Sint minus eos veniam ut. Dolores dolor repellat ut non. Provident aut voluptate blanditiis voluptatem in.', 5, '2021-04-10 13:24:46', '2021-04-10 13:24:46'),
(269, 27, 'Prof. Joanie Jakubowski', 'Dolorum iste deserunt vero et. Sed omnis harum neque quia sapiente mollitia. Ipsam vel accusantium sed non animi at dolore. Voluptate vel non consectetur ut omnis. Ut hic eos iste sed id autem dolorem.', 5, '2021-04-10 13:24:46', '2021-04-10 13:24:46'),
(270, 196, 'Cecelia Bradtke', 'Ut facere incidunt minima in. Qui error modi voluptas totam aut dignissimos. Sunt optio voluptatem molestiae. Perspiciatis natus necessitatibus et eaque et sapiente.', 2, '2021-04-10 13:24:46', '2021-04-10 13:24:46'),
(271, 47, 'Walker Gorczany MD', 'Fugiat magni porro molestiae. Ex pariatur id sint natus tempore mollitia voluptate. Harum omnis sunt fugiat eaque. Vero tempore dolorum autem aspernatur minus.', 4, '2021-04-10 13:24:46', '2021-04-10 13:24:46'),
(272, 126, 'Jacinthe McGlynn', 'Et officia facere et accusantium. Sit atque est excepturi consequatur dolorum asperiores. Nulla quo et dicta ea explicabo aut maiores. Quia sit sit quam qui fuga aliquid. Voluptas maiores quisquam rerum cum ad quasi qui.', 5, '2021-04-10 13:24:46', '2021-04-10 13:24:46'),
(273, 93, 'Andreanne Jaskolski', 'Vitae esse accusamus facere consectetur enim. Id ullam nobis maxime. Qui atque sit voluptatum qui ut blanditiis cumque minima.', 1, '2021-04-10 13:24:46', '2021-04-10 13:24:46'),
(274, 108, 'Dr. Tiara Schultz II', 'Nemo nostrum in commodi voluptatem temporibus accusantium vel. Asperiores sit minus repellat dolorem facilis. Perferendis sint velit recusandae sequi tempore facilis.', 3, '2021-04-10 13:24:46', '2021-04-10 13:24:46'),
(275, 23, 'Mr. Elian Goodwin', 'Aut unde neque fugit minima dicta odio quis. Quidem quas dolores doloribus molestiae odit at optio.', 2, '2021-04-10 13:24:46', '2021-04-10 13:24:46'),
(276, 200, 'Alfonso Vandervort', 'Laboriosam eum rerum esse. Saepe beatae quis possimus nihil voluptates voluptatem ipsam. Quae debitis cupiditate error et sed debitis. Tenetur quaerat sit aut et. Error sed ut animi magni quia.', 0, '2021-04-10 13:24:46', '2021-04-10 13:24:46'),
(277, 146, 'Nikki Auer IV', 'Ut doloribus officiis sit ad. Quia velit deserunt omnis. Quas sint omnis quae aut iure quisquam id reiciendis.', 5, '2021-04-10 13:24:46', '2021-04-10 13:24:46'),
(278, 147, 'Prof. Howell Murray', 'Laboriosam animi tempora illo provident et voluptas. Accusamus qui ullam architecto deleniti quia pariatur. Illo a voluptate possimus voluptate. Expedita sapiente et et eum ut voluptatum. Qui nesciunt sit eius doloribus voluptas qui quos eaque.', 3, '2021-04-10 13:24:46', '2021-04-10 13:24:46'),
(279, 192, 'Erich Terry', 'Quod quod harum commodi quas est nobis excepturi. Et iste aut eum in et dolorum non. Tenetur impedit et rem ab quia aut et. Sunt quia quia fugit rerum.', 5, '2021-04-10 13:24:46', '2021-04-10 13:24:46'),
(280, 177, 'Amy Powlowski II', 'Ut vero sed quia quia labore facere nisi. Maiores necessitatibus enim tempora. Consequatur suscipit quasi impedit.', 5, '2021-04-10 13:24:46', '2021-04-10 13:24:46'),
(281, 42, 'Mr. Karl Wisozk', 'Numquam sed velit excepturi unde nulla et velit. Corporis ut ad id ea iste eligendi veniam. Sit hic quia ut porro quia et temporibus voluptatibus. In qui odio neque. Facilis quisquam exercitationem nemo accusantium qui ratione omnis eius.', 0, '2021-04-10 13:24:46', '2021-04-10 13:24:46'),
(282, 112, 'Prof. Javon Von', 'Eligendi pariatur autem iusto consequatur eius debitis. Quia porro quia aut tempore velit dicta veniam. Incidunt odit aliquid accusamus laudantium. Fugit quia pariatur quam molestiae ut.', 5, '2021-04-10 13:24:46', '2021-04-10 13:24:46'),
(283, 149, 'Dr. Alek Raynor IV', 'Rerum sapiente quaerat facilis sit placeat. Ullam doloremque distinctio rerum ad atque commodi optio. Eius ut inventore cum. Sit molestias quo repellat earum.', 2, '2021-04-10 13:24:46', '2021-04-10 13:24:46'),
(284, 23, 'Dr. Clifford Buckridge', 'Voluptas nemo odio libero non tempora. Laudantium quis facilis sed id ab placeat. Vel assumenda sed nemo. Officiis distinctio similique labore earum et modi.', 0, '2021-04-10 13:24:46', '2021-04-10 13:24:46'),
(285, 47, 'Jonathon O\'Conner', 'Consequatur ut dicta eveniet quaerat voluptate consequuntur corporis. Facilis et amet aliquid vitae eum aut. Possimus dolor suscipit ea alias. Ipsam sint laudantium ut.', 0, '2021-04-10 13:24:46', '2021-04-10 13:24:46'),
(286, 97, 'Lera Hyatt', 'Deleniti aliquam optio vel est. Eveniet voluptas possimus quae dicta itaque qui quisquam corrupti. Aut sequi architecto sunt et voluptate eos vel. Qui est mollitia ut voluptas voluptatum praesentium voluptatem sit.', 0, '2021-04-10 13:24:46', '2021-04-10 13:24:46'),
(287, 35, 'Dr. Antone Marquardt', 'Nostrum ut reprehenderit quia recusandae. Earum sed et non harum. Accusantium qui facilis provident minima quia autem magnam.', 4, '2021-04-10 13:24:46', '2021-04-10 13:24:46'),
(288, 36, 'Ms. Katlyn Ebert DDS', 'Voluptatem ullam sit incidunt cum voluptate. Aut a beatae blanditiis deserunt labore rem. Dolore sed est aspernatur possimus. In cupiditate illo sint inventore tempora maxime.', 2, '2021-04-10 13:24:46', '2021-04-10 13:24:46'),
(289, 91, 'Dr. Cydney Romaguera Sr.', 'Adipisci libero vel dolorum sit deserunt id voluptas. Non sit quas accusantium facilis. Non eius qui rem eligendi. Dolores molestiae explicabo reprehenderit eum repellendus similique.', 1, '2021-04-10 13:24:46', '2021-04-10 13:24:46'),
(290, 16, 'Alexanne Hahn', 'Omnis suscipit est qui eaque magnam. Eveniet eos laudantium id nemo velit doloribus voluptatem sit. Voluptatibus dolorem et exercitationem incidunt.', 3, '2021-04-10 13:24:47', '2021-04-10 13:24:47'),
(291, 114, 'Mr. Jeramie Wolf', 'Explicabo non eaque aut aut perspiciatis eaque reprehenderit. Officia atque neque eligendi blanditiis. Dolor error ut fugiat voluptatibus enim ut.', 4, '2021-04-10 13:24:47', '2021-04-10 13:24:47'),
(292, 152, 'Carrie Sawayn PhD', 'Vitae sint a quia consequatur voluptas rerum. Harum dolorem voluptas deserunt aut corrupti velit dolor. Ut porro repellat modi.', 3, '2021-04-10 13:24:47', '2021-04-10 13:24:47'),
(293, 54, 'Prof. Else Kerluke', 'Impedit dolores et est assumenda quia. Eius omnis nam possimus dolorum quia quo velit. Similique reiciendis quasi et nihil error ab nemo. Corrupti fugiat distinctio eius amet qui ut.', 3, '2021-04-10 13:24:47', '2021-04-10 13:24:47'),
(294, 174, 'Kiera Reynolds', 'Quis aut maxime ex sit quis libero possimus. Voluptas reprehenderit optio libero iure officia officiis blanditiis. Repellat qui qui et dolore. Id exercitationem quidem praesentium ex mollitia voluptatem quo.', 5, '2021-04-10 13:24:47', '2021-04-10 13:24:47'),
(295, 16, 'Pattie Jacobi II', 'Aut praesentium a quidem laboriosam. Illo officiis qui voluptatem eligendi iusto officia. Deserunt est at ipsum maiores aut dolorem odio. Et aut animi dolores non.', 1, '2021-04-10 13:24:47', '2021-04-10 13:24:47'),
(296, 190, 'Prof. Nathanael Bernhard', 'Ipsa voluptas aut adipisci et qui soluta nesciunt. Asperiores est qui earum sit placeat. Atque iste rerum ipsam occaecati doloremque sed. At nam distinctio voluptatem necessitatibus autem id libero.', 2, '2021-04-10 13:24:47', '2021-04-10 13:24:47'),
(297, 184, 'Tyler Lindgren', 'Quia omnis sint et atque quaerat sed enim ea. Dolor ea voluptatum placeat dolorem nobis. Consectetur perferendis earum aut ex quo. Porro ut cupiditate est doloremque cumque hic quia.', 3, '2021-04-10 13:24:47', '2021-04-10 13:24:47'),
(298, 21, 'Benton Nitzsche', 'Eaque eum dolores optio. Necessitatibus quis suscipit vitae voluptate. Similique dolorem ullam id ut.', 1, '2021-04-10 13:24:47', '2021-04-10 13:24:47'),
(299, 32, 'Jess Bechtelar', 'Fugit at voluptas quis aut et molestiae. Exercitationem facilis earum distinctio quae quas ut molestiae. Aut reiciendis possimus doloribus beatae est aut culpa. Et id eum iure in. Accusamus necessitatibus culpa sint optio perferendis est repudiandae.', 2, '2021-04-10 13:24:47', '2021-04-10 13:24:47'),
(300, 45, 'Zaria Cronin', 'Repellat aut reprehenderit deleniti. Autem doloremque et itaque est quis non. Qui quidem omnis animi quam dolorem et. Quis consequatur sapiente ipsam et. Possimus mollitia autem sunt et nihil.', 2, '2021-04-10 13:24:47', '2021-04-10 13:24:47');

-- --------------------------------------------------------

--
-- Table structure for table `users`
--

CREATE TABLE `users` (
  `id` bigint(20) UNSIGNED NOT NULL,
  `name` varchar(255) COLLATE utf8mb4_unicode_ci NOT NULL,
  `email` varchar(255) COLLATE utf8mb4_unicode_ci NOT NULL,
  `email_verified_at` timestamp NULL DEFAULT NULL,
  `password` varchar(255) COLLATE utf8mb4_unicode_ci NOT NULL,
  `remember_token` varchar(100) COLLATE utf8mb4_unicode_ci DEFAULT NULL,
  `created_at` timestamp NULL DEFAULT NULL,
  `updated_at` timestamp NULL DEFAULT NULL
) ENGINE=InnoDB DEFAULT CHARSET=utf8mb4 COLLATE=utf8mb4_unicode_ci;

--
-- Indexes for dumped tables
--

--
-- Indexes for table `failed_jobs`
--
ALTER TABLE `failed_jobs`
  ADD PRIMARY KEY (`id`),
  ADD UNIQUE KEY `failed_jobs_uuid_unique` (`uuid`);

--
-- Indexes for table `migrations`
--
ALTER TABLE `migrations`
  ADD PRIMARY KEY (`id`);

--
-- Indexes for table `password_resets`
--
ALTER TABLE `password_resets`
  ADD KEY `password_resets_email_index` (`email`);

--
-- Indexes for table `products`
--
ALTER TABLE `products`
  ADD PRIMARY KEY (`id`);

--
-- Indexes for table `reviews`
--
ALTER TABLE `reviews`
  ADD PRIMARY KEY (`id`);

--
-- Indexes for table `users`
--
ALTER TABLE `users`
  ADD PRIMARY KEY (`id`),
  ADD UNIQUE KEY `users_email_unique` (`email`);

--
-- AUTO_INCREMENT for dumped tables
--

--
-- AUTO_INCREMENT for table `failed_jobs`
--
ALTER TABLE `failed_jobs`
  MODIFY `id` bigint(20) UNSIGNED NOT NULL AUTO_INCREMENT;

--
-- AUTO_INCREMENT for table `migrations`
--
ALTER TABLE `migrations`
  MODIFY `id` int(10) UNSIGNED NOT NULL AUTO_INCREMENT, AUTO_INCREMENT=5;

--
-- AUTO_INCREMENT for table `products`
--
ALTER TABLE `products`
  MODIFY `id` bigint(20) UNSIGNED NOT NULL AUTO_INCREMENT, AUTO_INCREMENT=201;

--
-- AUTO_INCREMENT for table `reviews`
--
ALTER TABLE `reviews`
  MODIFY `id` bigint(20) UNSIGNED NOT NULL AUTO_INCREMENT, AUTO_INCREMENT=301;

--
-- AUTO_INCREMENT for table `users`
--
ALTER TABLE `users`
  MODIFY `id` bigint(20) UNSIGNED NOT NULL AUTO_INCREMENT;
COMMIT;

/*!40101 SET CHARACTER_SET_CLIENT=@OLD_CHARACTER_SET_CLIENT */;
/*!40101 SET CHARACTER_SET_RESULTS=@OLD_CHARACTER_SET_RESULTS */;
/*!40101 SET COLLATION_CONNECTION=@OLD_COLLATION_CONNECTION */;
